school_level,district,peer_index,overall_score,environment_score,performance_score,progress_score,additional_credit,num_test_takers,sat_critical_reading_mean,sat_mathematics_mean,sat_writing_mean,sat_flag
High School,1,2.16,40.0,5.0,13.3,21.7,0.0,31.0,391.0,425.0,385.0,1
High School,1,2.24,47.8,5.2,11.4,31.2,0.0,60.0,394.0,419.0,387.0,1
High School,1,2.42,84.0,13.5,22.6,38.9,9.0,69.0,418.0,431.0,402.0,1
High School,1,2.75,90.1,9.8,22.4,45.9,12.0,154.0,314.0,532.0,314.0,1
High School,1,3.55,67.2,8.1,23.7,35.4,0.0,47.0,568.0,583.0,568.0,1
High School,1,2.59,72.4,11.1,17.7,42.1,1.5,35.0,411.0,401.0,401.0,1
High School,1,3.81,60.9,11.4,16.5,33.0,0.0,138.0,630.0,608.0,630.0,1
High School,2,1.67,76.6,11.1,15.6,49.9,0.0,11.0,405.0,415.0,385.0,1
High School,2,2.44,83.9,9.7,21.3,43.9,9.0,50.0,422.0,412.0,407.0,1
High School,2,2.28,84.2,11.8,23.0,43.4,6.0,51.0,382.0,364.0,366.0,1
High School,2,2.28,85.3,10.2,20.7,52.9,1.5,43.0,397.0,415.0,391.0,1
High School,2,2.82,90.9,10.2,21.5,47.2,12.0,71.0,424.0,448.0,423.0,1
High School,2,2.5,66.7,10.8,16.2,38.2,1.5,49.0,405.0,446.0,415.0,1
High School,2,2.16,64.5,10.6,15.4,34.0,4.5,59.0,381.0,373.0,377.0,1
High School,2,2.52,58.3,8.3,15.9,34.1,0.0,48.0,411.0,406.0,411.0,1
High School,2,2.22,86.2,10.7,17.7,51.8,6.0,35.0,409.0,381.0,412.0,1
High School,2,2.36,43.5,10.4,8.4,24.7,0.0,45.0,421.0,419.0,394.0,1
High School,2,2.34,62.8,10.1,17.4,35.3,0.0,52.0,401.0,409.0,391.0,1
High School,2,2.58,63.7,6.4,17.0,37.3,3.0,49.0,395.0,376.0,386.0,1
High School,2,2.78,65.4,8.1,17.1,34.2,6.0,216.0,465.0,480.0,448.0,1
High School,2,2.68,62.4,12.6,9.4,40.4,0.0,42.0,484.0,478.0,472.0,1
High School,2,3.25,71.6,9.3,19.6,42.7,0.0,69.0,495.0,465.0,499.0,1
High School,2,3.45,74.5,10.0,20.0,44.5,0.0,96.0,523.0,583.0,528.0,1
High School,2,3.22,74.9,9.3,25.0,37.6,3.0,108.0,561.0,597.0,567.0,1
High School,2,2.85,76.5,10.4,19.4,40.7,6.0,79.0,475.0,488.0,466.0,1
High School,2,2.97,81.8,6.1,20.9,48.8,6.0,90.0,454.0,448.0,435.0,1
High School,2,3.6,80.7,11.5,22.3,46.9,0.0,122.0,555.0,596.0,567.0,1
High School,2,3.34,76.9,11.9,19.2,42.8,3.0,140.0,512.0,554.0,523.0,1
High School,2,2.24,54.0,8.1,12.4,27.5,6.0,47.0,369.0,370.0,359.0,1
High School,2,2.93,49.1,8.3,15.4,25.4,0.0,250.0,446.0,458.0,440.0,1
High School,2,2.38,58.1,8.2,11.8,33.6,4.5,74.0,419.0,429.0,406.0,1
High School,2,1.94,51.0,8.0,7.5,35.5,0.0,31.0,379.0,356.0,354.0,1
High School,2,3.0,96.6,12.9,20.0,57.7,6.0,90.0,465.0,479.0,472.0,1
High School,2,2.29,53.7,11.6,11.3,29.3,1.5,54.0,367.0,395.0,373.0,1
High School,2,2.52,70.8,13.5,14.5,42.8,0.0,31.0,418.0,463.0,415.0,1
High School,2,2.18,51.6,8.4,7.9,32.3,3.0,163.0,381.0,385.0,368.0,1
High School,2,4.03,72.2,8.9,23.7,39.6,0.0,804.0,674.0,735.0,678.0,1
High School,2,2.79,57.2,6.4,15.8,33.5,1.5,147.0,451.0,503.0,453.0,1
High School,2,1.95,89.3,12.8,17.9,57.1,1.5,31.0,371.0,369.0,368.0,1
High School,2,3.18,74.0,6.4,20.9,43.7,3.0,124.0,465.0,454.0,461.0,1
High School,2,2.47,42.8,5.7,12.1,20.5,4.5,287.0,411.0,439.0,396.0,1
High School,2,2.48,58.5,6.2,19.5,28.3,4.5,88.0,420.0,424.0,398.0,1
High School,2,2.82,73.9,9.6,17.4,43.9,3.0,32.0,415.0,405.0,397.0,1
High School,2,2.32,93.9,12.3,20.9,51.7,9.0,31.0,345.0,380.0,325.0,1
High School,2,2.38,70.3,8.4,16.4,39.5,6.0,74.0,390.0,385.0,387.0,1
High School,2,2.31,55.3,15.0,9.2,31.1,0.0,16.0,404.0,419.0,395.0,1
High School,2,3.14,90.5,9.4,25.0,53.1,3.0,47.0,416.0,612.0,419.0,1
High School,2,2.29,72.4,7.6,16.6,43.7,4.5,32.0,343.0,465.0,362.0,1
High School,2,2.2,80.1,9.9,18.4,44.3,7.5,54.0,372.0,369.0,368.0,1
High School,2,2.56,63.5,8.3,15.9,31.8,7.5,57.0,468.0,441.0,434.0,1
High School,2,2.99,73.2,15.0,19.7,38.5,0.0,34.0,513.0,460.0,502.0,1
High School,2,2.36,32.2,5.4,10.1,13.7,3.0,16.0,400.0,336.0,376.0,1
High School,2,2.44,79.5,12.5,15.0,40.0,12.0,141.0,355.0,475.0,339.0,1
High School,2,2.43,50.7,10.4,12.6,26.2,1.5,79.0,425.0,429.0,419.0,1
High School,2,2.0,68.8,5.9,15.4,44.5,3.0,11.0,429.0,382.0,416.0,1
High School,2,2.74,92.4,7.5,21.7,48.2,15.0,301.0,419.0,420.0,413.0,1
High School,2,2.73,58.8,6.2,14.3,36.8,1.5,37.0,433.0,405.0,417.0,1
High School,2,2.4,55.8,6.1,7.2,38.0,4.5,61.0,393.0,412.0,376.0,1
High School,2,2.2,36.0,4.3,8.4,23.3,1.5,152.0,378.0,387.0,370.0,1
High School,2,2.24,41.5,6.6,5.6,29.3,0.0,125.0,370.0,378.0,360.0,1
High School,2,2.83,61.8,5.4,13.1,35.8,7.5,212.0,427.0,423.0,418.0,1
High School,2,2.26,72.2,6.7,21.6,37.9,6.0,71.0,399.0,389.0,383.0,1
High School,3,2.21,48.0,6.8,8.6,29.6,3.0,23.0,406.0,378.0,391.0,1
High School,3,2.15,67.6,8.0,20.4,33.2,6.0,57.0,364.0,378.0,357.0,1
High School,3,2.19,74.1,9.4,15.1,42.1,7.5,53.0,374.0,363.0,377.0,1
High School,3,2.08,60.0,5.0,20.1,31.9,3.0,68.0,376.0,373.0,371.0,1
High School,3,3.51,74.5,9.3,13.7,48.5,3.0,237.0,573.0,563.0,575.0,1
High School,3,3.64,79.0,7.4,23.1,48.5,0.0,594.0,558.0,555.0,567.0,1
High School,3,2.34,62.2,6.8,14.5,39.4,1.5,60.0,407.0,425.0,397.0,1
High School,3,1.94,56.4,8.2,13.2,32.0,3.0,18.0,410.0,407.0,388.0,1
High School,3,3.26,61.4,11.2,18.3,31.9,0.0,80.0,481.0,525.0,469.0,1
High School,3,2.28,54.1,7.9,18.9,27.3,0.0,33.0,414.0,410.0,406.0,1
High School,4,2.2,55.5,9.7,11.5,31.3,3.0,39.0,390.0,372.0,383.0,1
High School,4,3.1,60.9,6.4,16.2,38.3,0.0,312.0,485.0,531.0,475.0,1
High School,4,2.09,82.6,10.5,18.5,46.1,7.5,46.0,360.0,374.0,362.0,1
High School,4,2.53,72.3,12.9,10.9,47.0,1.5,35.0,362.0,378.0,356.0,1
High School,4,3.05,70.4,12.5,20.2,37.7,0.0,48.0,451.0,445.0,470.0,1
High School,4,2.06,32.7,6.0,6.7,20.0,0.0,39.0,380.0,385.0,354.0,1
High School,4,2.13,50.7,4.3,15.0,29.9,1.5,47.0,369.0,385.0,361.0,1
High School,5,2.15,49.9,8.1,9.4,30.9,1.5,19.0,402.0,394.0,367.0,1
High School,5,2.53,65.5,9.2,19.2,37.1,0.0,63.0,424.0,421.0,410.0,1
High School,5,2.46,70.9,4.7,15.6,46.1,4.5,34.0,349.0,370.0,363.0,1
High School,5,2.43,62.5,7.5,12.9,42.1,0.0,16.0,420.0,369.0,401.0,1
High School,5,3.14,40.6,3.7,11.5,20.9,4.5,216.0,465.0,481.0,466.0,1
High School,5,2.66,63.1,9.0,12.0,39.1,3.0,52.0,423.0,434.0,404.0,1
High School,5,2.03,43.0,6.1,11.2,25.7,0.0,54.0,364.0,378.0,359.0,1
High School,5,3.76,76.2,9.0,22.7,44.5,0.0,106.0,592.0,627.0,575.0,1
High School,6,2.17,87.6,11.7,20.5,47.9,7.5,56.0,383.0,384.0,379.0,1
High School,6,2.26,62.6,8.5,15.0,39.1,0.0,75.0,366.0,376.0,353.0,1
High School,6,2.22,76.9,11.1,19.8,44.5,1.5,106.0,388.0,388.0,378.0,1
High School,6,2.28,66.3,8.8,14.5,40.0,3.0,28.0,385.0,417.0,373.0,1
High School,6,2.89,51.3,6.5,10.6,34.2,0.0,193.0,436.0,451.0,421.0,1
High School,6,2.29,73.3,14.6,21.6,32.6,4.5,60.0,342.0,384.0,333.0,1
High School,7,2.44,89.7,9.2,21.9,52.6,6.0,60.0,399.0,393.0,382.0,1
High School,7,1.66,64.1,11.5,11.5,41.1,0.0,33.0,322.0,335.0,327.0,1
High School,7,2.16,56.1,13.1,12.8,30.2,0.0,15.0,335.0,342.0,372.0,1
High School,7,2.12,73.3,10.5,17.3,42.5,3.0,50.0,372.0,351.0,359.0,1
High School,7,2.11,67.8,10.5,17.3,40.0,0.0,48.0,345.0,352.0,349.0,1
High School,7,2.74,79.3,9.7,16.1,47.5,6.0,66.0,401.0,388.0,396.0,1
High School,7,2.86,66.7,8.5,22.1,30.1,6.0,62.0,460.0,455.0,457.0,1
High School,7,2.08,52.8,10.2,14.5,28.1,0.0,73.0,418.0,429.0,415.0,1
High School,7,2.14,61.8,9.7,15.1,35.5,1.5,55.0,377.0,381.0,379.0,1
High School,7,2.05,45.6,10.7,8.6,26.3,0.0,36.0,382.0,376.0,376.0,1
High School,7,2.56,92.5,11.8,20.8,50.9,9.0,58.0,381.0,423.0,384.0,1
High School,7,2.34,85.0,12.9,23.3,47.3,1.5,51.0,416.0,406.0,435.0,1
High School,7,1.95,49.8,9.2,9.2,31.4,0.0,53.0,367.0,372.0,354.0,1
High School,7,1.7,50.3,4.7,12.0,32.1,1.5,105.0,370.0,385.0,354.0,1
High School,7,2.4,58.4,8.2,13.7,35.0,1.5,81.0,400.0,391.0,387.0,1
High School,8,2.66,53.4,5.0,16.5,28.9,3.0,56.0,395.0,407.0,388.0,1
High School,8,2.23,82.1,10.7,18.1,39.8,13.5,47.0,389.0,375.0,375.0,1
High School,8,1.85,60.3,9.9,13.2,37.2,0.0,31.0,377.0,367.0,368.0,1
High School,8,1.94,66.7,8.7,15.5,39.5,3.0,54.0,359.0,358.0,338.0,1
High School,8,2.12,73.8,13.0,13.9,45.4,1.5,41.0,380.0,389.0,371.0,1
High School,8,2.13,55.1,9.3,10.0,32.8,3.0,34.0,374.0,362.0,366.0,1
High School,8,2.13,52.7,8.0,13.1,31.6,0.0,10.0,416.0,393.0,414.0,1
High School,8,2.22,36.9,5.2,10.6,21.1,0.0,448.0,414.0,433.0,397.0,1
High School,8,2.06,54.8,11.2,14.0,28.1,1.5,36.0,381.0,361.0,352.0,1
High School,8,2.04,52.3,7.5,10.6,34.2,0.0,43.0,373.0,376.0,367.0,1
High School,8,2.06,42.3,10.5,5.7,26.1,0.0,48.0,377.0,382.0,368.0,1
High School,8,1.68,42.8,7.5,10.6,24.7,0.0,29.0,356.0,376.0,368.0,1
High School,8,2.23,35.2,3.7,11.7,19.8,0.0,19.0,373.0,354.0,364.0,1
High School,8,1.91,50.4,7.8,10.6,32.0,0.0,152.0,370.0,377.0,363.0,1
High School,9,1.93,57.6,6.8,13.7,35.6,1.5,46.0,371.0,358.0,343.0,1
High School,9,2.29,58.6,7.3,12.6,37.2,1.5,66.0,391.0,399.0,386.0,1
High School,9,1.67,37.7,7.3,9.0,21.4,0.0,22.0,359.0,380.0,371.0,1
High School,9,2.44,69.2,5.9,18.9,39.9,4.5,44.0,401.0,383.0,387.0,1
High School,9,2.58,89.0,7.9,19.8,53.8,7.5,63.0,395.0,398.0,399.0,1
High School,9,2.95,69.3,9.1,17.7,39.5,3.0,73.0,447.0,495.0,454.0,1
High School,9,2.2,75.6,11.1,21.2,38.8,4.5,90.0,359.0,347.0,356.0,1
High School,9,2.07,45.0,8.0,11.4,25.6,0.0,21.0,362.0,380.0,358.0,1
High School,9,1.83,82.1,8.7,21.1,41.8,10.5,22.0,388.0,352.0,378.0,1
High School,9,2.14,45.2,7.1,7.9,28.7,1.5,46.0,394.0,404.0,389.0,1
High School,9,1.97,73.9,12.8,17.2,36.4,7.5,37.0,335.0,335.0,340.0,1
High School,9,1.88,69.5,10.2,17.2,42.1,0.0,32.0,366.0,373.0,371.0,1
High School,9,1.96,57.9,9.7,12.5,35.7,0.0,35.0,369.0,397.0,366.0,1
High School,9,2.78,67.6,9.5,18.6,36.5,3.0,98.0,423.0,450.0,435.0,1
High School,9,1.75,55.9,10.5,14.0,31.4,0.0,81.0,347.0,353.0,351.0,1
High School,9,2.48,66.6,9.1,17.1,37.4,3.0,87.0,413.0,390.0,420.0,1
High School,9,2.34,60.0,9.1,20.2,30.7,0.0,44.0,399.0,414.0,406.0,1
High School,9,2.12,65.3,10.4,17.1,34.8,3.0,116.0,402.0,397.0,396.0,1
High School,9,1.95,95.8,12.5,25.0,55.3,3.0,26.0,332.0,379.0,337.0,1
High School,10,2.55,75.3,8.9,22.1,41.3,3.0,101.0,475.0,479.0,470.0,1
High School,10,2.26,78.6,10.0,25.0,34.6,9.0,36.0,374.0,402.0,364.0,1
High School,10,2.58,106.3,13.0,25.0,59.3,9.0,53.0,382.0,375.0,363.0,1
High School,10,2.39,82.4,8.4,22.5,44.0,7.5,48.0,373.0,358.0,366.0,1
High School,10,2.06,49.0,10.1,6.9,30.5,1.5,32.0,365.0,382.0,375.0,1
High School,10,1.85,69.4,11.3,17.0,38.1,3.0,40.0,313.0,316.0,296.0,1
High School,10,2.43,59.3,8.4,16.4,31.5,3.0,54.0,404.0,397.0,383.0,1
High School,10,2.18,66.2,15.0,14.9,34.8,1.5,10.0,349.0,346.0,364.0,1
High School,10,2.34,65.2,12.5,9.3,41.9,1.5,46.0,333.0,336.0,285.0,1
High School,10,2.69,60.7,10.3,7.4,35.5,7.5,56.0,418.0,411.0,398.0,1
High School,10,2.04,77.8,10.2,16.5,42.1,9.0,50.0,386.0,385.0,381.0,1
High School,10,2.03,75.3,8.0,17.1,50.2,0.0,65.0,358.0,370.0,346.0,1
High School,10,2.09,82.9,11.4,18.8,48.2,4.5,42.0,377.0,375.0,375.0,1
High School,10,2.13,49.2,6.5,8.1,31.6,3.0,71.0,375.0,385.0,373.0,1
High School,10,1.96,41.5,8.9,9.4,23.2,0.0,57.0,389.0,400.0,382.0,1
High School,10,2.4,48.1,7.2,11.3,26.6,3.0,438.0,425.0,440.0,417.0,1
High School,10,2.75,60.1,7.9,13.7,35.5,3.0,38.0,421.0,432.0,439.0,1
High School,10,3.91,73.8,8.5,23.5,41.8,0.0,683.0,632.0,685.0,643.0,1
High School,10,1.86,45.5,7.3,9.6,25.6,3.0,87.0,364.0,375.0,358.0,1
High School,10,2.69,100.5,10.8,22.2,55.5,12.0,70.0,406.0,429.0,403.0,1
High School,10,2.38,53.3,11.7,11.9,23.7,6.0,50.0,406.0,389.0,388.0,1
High School,10,1.94,91.5,11.4,18.9,53.7,7.5,31.0,340.0,340.0,351.0,1
High School,10,1.92,46.3,7.8,7.0,31.5,0.0,93.0,380.0,385.0,369.0,1
High School,10,3.79,74.9,12.1,23.1,39.7,0.0,74.0,635.0,630.0,619.0,1
High School,11,2.58,93.3,11.8,20.5,56.5,4.5,52.0,363.0,366.0,364.0,1
High School,11,2.26,56.4,8.1,13.2,30.6,4.5,57.0,393.0,363.0,387.0,1
High School,11,2.49,63.5,8.3,18.5,36.7,0.0,70.0,356.0,370.0,355.0,1
High School,11,2.33,55.2,7.2,15.4,32.6,0.0,37.0,373.0,376.0,362.0,1
High School,11,2.35,87.5,8.3,25.0,42.2,12.0,56.0,399.0,402.0,373.0,1
High School,11,2.81,74.3,10.6,17.2,40.5,6.0,90.0,432.0,464.0,424.0,1
High School,11,2.11,85.3,10.8,16.0,49.5,9.0,46.0,369.0,363.0,380.0,1
High School,11,2.17,67.1,10.8,18.5,36.3,1.5,38.0,404.0,400.0,388.0,1
High School,11,1.62,41.8,9.1,9.0,23.7,0.0,114.0,354.0,373.0,350.0,1
High School,11,2.31,59.7,10.3,17.1,30.8,1.5,54.0,419.0,403.0,392.0,1
High School,11,1.71,69.5,9.5,19.3,36.2,4.5,201.0,380.0,384.0,379.0,1
High School,11,2.19,85.6,10.7,23.1,45.8,6.0,43.0,331.0,384.0,341.0,1
High School,11,1.93,60.1,11.8,17.6,30.7,0.0,21.0,359.0,389.0,350.0,1
High School,11,2.0,51.8,9.6,10.3,31.9,0.0,43.0,372.0,359.0,373.0,1
High School,11,2.63,70.8,9.4,19.4,36.0,6.0,92.0,427.0,416.0,424.0,1
High School,11,1.99,86.5,14.4,23.1,44.5,4.5,40.0,359.0,340.0,338.0,1
High School,11,2.03,93.8,8.4,25.0,49.9,10.5,47.0,393.0,395.0,389.0,1
High School,12,1.97,24.1,6.3,3.8,12.5,1.5,24.0,368.0,349.0,358.0,1
High School,12,1.97,91.6,14.5,18.6,52.5,6.0,42.0,340.0,361.0,335.0,1
High School,12,2.06,80.1,8.9,16.9,48.3,6.0,34.0,364.0,364.0,344.0,1
High School,12,1.89,33.2,3.9,9.4,19.9,0.0,41.0,383.0,360.0,387.0,1
High School,12,1.95,69.6,10.4,17.6,34.1,7.5,22.0,415.0,390.0,397.0,1
High School,12,2.17,56.0,9.2,13.6,30.2,3.0,24.0,408.0,400.0,401.0,1
High School,12,2.13,57.9,10.7,12.8,31.4,3.0,12.0,359.0,366.0,359.0,1
High School,12,2.09,76.5,13.2,23.8,38.0,1.5,50.0,291.0,333.0,291.0,1
High School,12,1.75,76.8,13.1,22.4,33.8,7.5,75.0,333.0,326.0,330.0,1
High School,12,1.98,66.4,8.7,16.5,36.7,4.5,58.0,386.0,397.0,383.0,1
High School,12,1.91,49.0,6.5,11.7,30.8,0.0,47.0,355.0,369.0,366.0,1
High School,12,1.84,72.9,8.0,12.7,47.7,4.5,70.0,346.0,341.0,356.0,1
High School,13,2.57,76.4,6.6,20.2,48.1,1.5,46.0,387.0,369.0,369.0,1
High School,13,2.25,65.4,8.7,18.4,36.8,1.5,59.0,394.0,371.0,371.0,1
High School,13,2.36,56.0,9.6,11.8,31.6,3.0,43.0,393.0,356.0,377.0,1
High School,13,2.48,80.5,8.3,16.0,50.2,6.0,104.0,419.0,421.0,409.0,1
High School,13,3.81,61.3,6.5,18.0,36.8,0.0,1047.0,588.0,652.0,581.0,1
High School,13,2.76,72.2,10.0,18.8,35.9,7.5,104.0,414.0,415.0,412.0,1
High School,13,2.2,71.7,5.9,17.3,47.0,1.5,103.0,367.0,361.0,360.0,1
High School,13,2.17,61.2,7.5,19.1,33.1,1.5,40.0,416.0,386.0,408.0,1
High School,13,2.13,76.5,11.5,19.6,42.4,3.0,19.0,403.0,384.0,377.0,1
High School,13,2.47,60.9,10.3,12.6,36.5,1.5,20.0,366.0,380.0,362.0,1
High School,13,3.07,90.2,9.4,20.5,54.3,6.0,50.0,453.0,469.0,441.0,1
High School,13,2.25,45.6,7.2,11.0,27.4,0.0,87.0,390.0,360.0,373.0,1
High School,13,2.27,51.3,8.1,14.6,28.6,0.0,9.0,323.0,281.0,310.0,1
High School,13,3.28,68.8,6.4,17.6,38.8,6.0,168.0,476.0,477.0,445.0,1
High School,14,1.89,57.6,9.7,14.8,33.1,0.0,59.0,362.0,369.0,349.0,1
High School,14,2.06,66.7,6.8,19.0,40.9,0.0,28.0,373.0,377.0,359.0,1
High School,14,2.51,72.1,9.2,19.6,38.8,4.5,70.0,377.0,366.0,365.0,1
High School,14,3.63,60.2,10.7,19.1,30.4,0.0,50.0,536.0,534.0,527.0,1
High School,14,2.3,47.0,7.3,11.6,26.6,1.5,52.0,381.0,381.0,366.0,1
High School,14,2.43,58.1,6.6,11.7,33.8,6.0,102.0,365.0,375.0,373.0,1
High School,14,2.53,40.7,3.8,8.0,27.4,1.5,82.0,385.0,390.0,384.0,1
High School,14,2.54,88.7,8.8,25.0,41.4,13.5,80.0,360.0,390.0,354.0,1
High School,14,2.41,74.1,10.6,22.9,33.1,7.5,44.0,397.0,377.0,387.0,1
High School,14,2.45,100.2,12.6,17.1,60.0,10.5,44.0,399.0,393.0,367.0,1
High School,14,2.64,101.7,13.1,20.9,58.7,9.0,58.0,375.0,386.0,369.0,1
High School,14,2.02,52.5,5.9,14.0,29.6,3.0,73.0,353.0,359.0,340.0,1
High School,14,2.09,92.6,13.0,18.5,53.6,7.5,16.0,375.0,386.0,394.0,1
High School,15,2.24,34.5,6.8,12.6,15.1,0.0,50.0,374.0,365.0,374.0,1
High School,15,2.14,73.7,9.3,25.0,33.4,6.0,63.0,385.0,380.0,375.0,1
High School,15,2.51,51.1,8.6,12.2,28.8,1.5,50.0,406.0,409.0,393.0,1
High School,15,2.34,68.3,7.7,16.9,43.7,0.0,75.0,393.0,372.0,370.0,1
High School,15,2.28,47.3,8.9,15.2,23.2,0.0,65.0,373.0,395.0,368.0,1
High School,15,2.31,67.3,6.2,15.2,44.4,1.5,45.0,402.0,414.0,382.0,1
High School,15,1.93,65.6,8.5,13.0,39.6,4.5,44.0,365.0,358.0,360.0,1
High School,15,2.11,48.8,10.6,10.2,28.0,0.0,9.0,356.0,352.0,343.0,1
High School,15,2.43,70.9,13.3,16.0,40.1,1.5,11.0,363.0,382.0,381.0,1
High School,15,2.03,48.0,7.5,8.3,27.7,4.5,17.0,370.0,348.0,348.0,1
High School,15,2.87,56.5,8.4,10.1,38.0,0.0,71.0,416.0,417.0,425.0,1
High School,15,2.35,49.9,12.6,9.4,27.9,0.0,17.0,387.0,371.0,368.0,1
High School,16,2.44,62.6,6.2,17.9,37.0,1.5,29.0,429.0,421.0,424.0,1
High School,16,1.79,49.4,6.7,8.7,34.0,0.0,143.0,369.0,367.0,366.0,1
High School,16,1.97,78.5,11.7,15.7,48.1,3.0,34.0,367.0,364.0,364.0,1
High School,17,2.51,60.4,5.8,22.7,25.9,6.0,50.0,401.0,412.0,404.0,1
High School,17,2.35,44.6,5.2,14.9,24.5,0.0,31.0,400.0,405.0,399.0,1
High School,17,2.29,49.8,6.9,14.1,28.8,0.0,17.0,381.0,344.0,360.0,1
High School,17,2.15,66.7,13.0,11.2,41.0,1.5,32.0,302.0,339.0,325.0,1
High School,17,2.28,56.2,6.3,15.3,34.6,0.0,81.0,382.0,387.0,381.0,1
High School,17,2.21,78.0,14.0,18.0,40.0,6.0,21.0,357.0,391.0,343.0,1
High School,17,2.26,57.3,6.5,18.1,29.7,3.0,25.0,358.0,378.0,372.0,1
High School,17,2.15,57.1,8.2,14.3,31.6,3.0,71.0,361.0,376.0,365.0,1
High School,17,2.12,86.0,11.2,18.5,51.8,4.5,54.0,371.0,366.0,381.0,1
High School,17,3.23,79.2,11.3,19.2,45.7,3.0,68.0,445.0,425.0,415.0,1
High School,17,2.27,47.7,7.1,15.3,25.3,0.0,49.0,392.0,390.0,381.0,1
High School,17,2.98,82.2,11.4,18.4,49.4,3.0,83.0,412.0,427.0,420.0,1
High School,17,2.45,71.7,11.3,17.7,36.7,6.0,45.0,391.0,396.0,388.0,1
High School,17,2.45,77.3,9.1,22.4,41.3,4.5,37.0,385.0,351.0,381.0,1
High School,17,2.43,66.6,15.0,7.1,41.5,3.0,20.0,356.0,358.0,366.0,1
High School,17,3.32,69.4,7.4,16.2,45.8,0.0,113.0,459.0,482.0,452.0,1
High School,17,2.55,49.4,8.7,12.5,28.2,0.0,282.0,419.0,413.0,411.0,1
High School,17,1.83,55.4,6.5,12.7,36.2,0.0,121.0,355.0,358.0,348.0,1
High School,18,2.19,50.4,7.8,11.3,31.3,0.0,20.0,389.0,358.0,369.0,1
High School,19,2.93,59.2,8.4,14.7,36.1,0.0,61.0,435.0,428.0,414.0,1
High School,19,2.16,56.2,7.9,10.6,37.7,0.0,29.0,376.0,375.0,363.0,1
High School,19,2.22,65.2,8.6,12.6,39.5,4.5,23.0,369.0,372.0,380.0,1
High School,19,2.2,58.0,4.0,20.4,29.1,4.5,49.0,371.0,363.0,356.0,1
High School,19,2.27,67.1,6.9,16.8,38.9,4.5,28.0,370.0,371.0,376.0,1
High School,19,2.51,62.0,7.6,17.0,34.4,3.0,184.0,413.0,419.0,403.0,1
High School,19,2.49,38.9,7.9,8.0,23.0,0.0,50.0,398.0,402.0,378.0,1
High School,19,1.78,58.0,6.4,9.4,39.2,3.0,49.0,355.0,367.0,355.0,1
High School,20,2.35,68.5,9.9,16.2,34.9,7.5,317.0,409.0,471.0,407.0,1
High School,20,2.58,77.4,11.6,19.9,39.9,6.0,221.0,450.0,471.0,440.0,1
High School,20,2.59,69.5,11.0,13.2,36.3,9.0,581.0,416.0,486.0,409.0,1
High School,20,2.29,64.9,9.8,12.0,37.1,6.0,385.0,387.0,492.0,377.0,1
High School,21,2.05,48.2,11.2,5.9,31.1,0.0,35.0,355.0,395.0,355.0,1
High School,21,2.57,59.1,5.3,14.0,33.8,6.0,66.0,422.0,459.0,418.0,1
High School,21,2.36,67.8,9.0,18.2,37.6,3.0,33.0,370.0,427.0,381.0,1
High School,21,2.53,50.8,7.8,8.7,31.3,3.0,379.0,386.0,429.0,385.0,1
High School,21,2.75,70.1,9.8,17.0,34.3,9.0,686.0,472.0,503.0,468.0,1
High School,21,2.65,55.5,5.7,10.0,32.3,7.5,349.0,414.0,465.0,396.0,1
High School,21,2.02,46.0,6.3,12.3,27.4,0.0,56.0,385.0,393.0,361.0,1
High School,21,2.5,70.4,8.6,17.0,34.3,10.5,86.0,426.0,419.0,418.0,1
High School,21,2.32,85.0,11.7,24.8,42.5,6.0,13.0,402.0,351.0,380.0,1
High School,22,3.16,65.8,7.5,17.4,31.9,9.0,725.0,493.0,543.0,491.0,1
High School,22,2.72,59.6,10.9,12.0,30.7,6.0,641.0,449.0,478.0,445.0,1
High School,22,2.21,57.2,8.2,12.0,34.0,3.0,192.0,380.0,416.0,380.0,1
High School,22,3.54,64.5,7.5,14.5,42.5,0.0,239.0,543.0,578.0,559.0,1
High School,22,3.27,74.2,12.5,17.2,44.5,0.0,109.0,459.0,460.0,446.0,1
High School,23,2.25,53.7,9.4,15.1,29.2,0.0,37.0,394.0,372.0,375.0,1
High School,23,2.38,63.9,8.8,18.0,37.1,0.0,50.0,416.0,396.0,414.0,1
High School,23,2.23,69.0,12.6,13.3,43.1,0.0,18.0,347.0,371.0,323.0,1
High School,23,2.21,32.0,4.7,2.7,24.6,0.0,35.0,349.0,329.0,341.0,1
High School,23,2.24,54.2,9.6,18.8,25.8,0.0,12.0,385.0,378.0,391.0,1
High School,23,2.36,76.9,10.3,18.5,45.1,3.0,59.0,396.0,389.0,389.0,1
High School,24,2.82,92.4,9.3,20.9,53.2,9.0,65.0,407.0,432.0,417.0,1
High School,24,2.46,78.1,10.5,20.6,42.5,4.5,67.0,411.0,420.0,407.0,1
High School,24,3.7,76.6,12.1,17.8,46.7,0.0,42.0,545.0,548.0,541.0,1
High School,24,2.35,53.7,8.6,11.2,30.9,3.0,251.0,379.0,427.0,372.0,1
High School,24,2.38,60.0,8.7,10.6,36.2,4.5,269.0,398.0,431.0,391.0,1
High School,24,2.58,65.2,10.1,18.0,34.1,3.0,32.0,386.0,402.0,373.0,1
High School,24,2.63,76.1,14.1,14.2,41.8,6.0,75.0,355.0,428.0,359.0,1
High School,24,2.52,86.9,10.7,15.1,50.6,10.5,127.0,363.0,372.0,363.0,1
High School,24,2.65,51.5,7.5,8.2,32.8,3.0,49.0,420.0,440.0,421.0,1
High School,24,2.58,72.8,10.5,13.6,36.7,12.0,130.0,415.0,428.0,401.0,1
High School,24,3.05,79.0,9.8,17.1,40.1,12.0,289.0,444.0,494.0,427.0,1
High School,24,2.54,58.2,13.0,11.3,30.9,3.0,7.0,416.0,413.0,364.0,1
High School,25,2.45,64.5,13.9,11.5,39.1,0.0,57.0,325.0,415.0,311.0,1
High School,25,2.93,79.5,5.6,17.4,47.5,9.0,50.0,438.0,485.0,442.0,1
High School,25,2.82,72.0,8.4,18.0,39.6,6.0,56.0,429.0,425.0,421.0,1
High School,25,2.45,61.1,8.3,12.9,36.9,3.0,302.0,391.0,423.0,389.0,1
High School,25,2.45,51.2,8.5,10.5,29.2,3.0,278.0,372.0,398.0,366.0,1
High School,25,3.98,80.4,11.3,24.0,45.1,0.0,273.0,637.0,644.0,642.0,1
High School,25,2.4,48.2,5.7,9.3,28.7,4.5,22.0,400.0,395.0,391.0,1
High School,25,2.7,46.9,6.8,12.3,24.8,3.0,61.0,449.0,471.0,462.0,1
High School,25,2.31,67.3,11.7,13.6,39.0,3.0,22.0,434.0,422.0,422.0,1
High School,26,3.03,63.0,8.0,15.7,31.8,7.5,697.0,486.0,551.0,492.0,1
High School,26,2.92,68.0,9.7,15.8,36.5,6.0,808.0,457.0,530.0,454.0,1
High School,26,2.38,52.7,5.4,16.6,29.2,1.5,343.0,402.0,411.0,398.0,1
High School,26,3.08,69.4,9.2,15.1,31.6,13.5,732.0,472.0,531.0,467.0,1
High School,26,2.8,61.8,8.3,17.3,36.2,0.0,144.0,438.0,455.0,433.0,1
High School,27,2.45,51.4,5.5,15.9,30.0,0.0,65.0,393.0,390.0,387.0,1
High School,27,2.91,85.1,11.3,19.5,51.3,3.0,63.0,455.0,423.0,420.0,1
High School,27,2.13,49.6,7.6,10.0,30.5,1.5,102.0,377.0,372.0,362.0,1
High School,27,2.05,37.8,6.1,9.4,22.3,0.0,114.0,393.0,390.0,380.0,1
High School,27,2.38,52.1,6.0,7.9,36.7,1.5,397.0,380.0,401.0,380.0,1
High School,27,2.32,60.6,7.7,9.3,34.6,9.0,302.0,399.0,424.0,404.0,1
High School,27,3.21,76.1,8.1,15.0,44.0,9.0,87.0,421.0,464.0,424.0,1
High School,28,2.87,70.3,6.9,15.3,40.6,7.5,627.0,468.0,491.0,462.0,1
High School,28,2.26,45.0,7.3,8.6,29.1,0.0,153.0,393.0,400.0,391.0,1
High School,28,2.57,57.1,12.4,10.4,32.8,1.5,498.0,385.0,400.0,385.0,1
High School,28,2.89,70.1,8.7,19.3,37.6,4.5,529.0,455.0,490.0,439.0,1
High School,28,3.54,67.1,6.2,18.2,42.7,0.0,89.0,525.0,532.0,515.0,1
High School,28,3.89,72.3,9.6,22.0,40.7,0.0,99.0,613.0,650.0,612.0,1
High School,28,2.59,60.0,8.3,15.2,32.0,4.5,62.0,408.0,429.0,412.0,1
High School,29,2.43,70.0,7.3,15.1,46.1,1.5,46.0,372.0,388.0,381.0,1
High School,29,2.54,72.7,9.4,18.1,42.2,3.0,42.0,406.0,415.0,394.0,1
High School,29,2.34,73.2,8.7,18.2,41.8,4.5,55.0,394.0,358.0,388.0,1
High School,29,2.6,79.6,9.5,16.6,44.5,9.0,68.0,425.0,435.0,418.0,1
High School,29,2.55,61.7,9.7,15.2,35.3,1.5,18.0,413.0,402.0,388.0,1
High School,29,2.61,48.5,5.0,14.1,29.4,0.0,59.0,405.0,430.0,405.0,1
High School,29,2.3,41.4,4.3,14.2,19.9,3.0,60.0,406.0,412.0,391.0,1
High School,29,2.15,46.6,6.1,11.2,29.3,0.0,52.0,388.0,389.0,380.0,1
High School,29,2.48,55.8,7.2,20.0,27.1,1.5,45.0,383.0,371.0,370.0,1
High School,30,2.41,56.1,8.2,11.4,30.5,6.0,322.0,405.0,456.0,408.0,1
High School,30,2.47,55.4,6.3,12.3,32.3,4.5,296.0,418.0,434.0,408.0,1
High School,30,3.38,75.2,6.0,22.9,43.3,3.0,153.0,506.0,495.0,499.0,1
High School,30,2.45,70.2,11.5,16.5,36.2,6.0,140.0,440.0,452.0,424.0,1
High School,30,2.22,80.5,13.7,25.0,38.8,3.0,147.0,343.0,447.0,346.0,1
High School,30,3.03,70.5,8.9,18.7,36.9,6.0,120.0,502.0,505.0,515.0,1
High School,30,3.58,71.4,8.5,18.5,44.4,0.0,64.0,560.0,587.0,570.0,1
High School,31,2.66,87.6,11.1,23.6,46.9,6.0,86.0,508.0,523.0,502.0,1
High School,31,2.39,75.7,10.4,16.8,41.0,7.5,282.0,431.0,446.0,434.0,1
High School,31,2.2,65.3,8.3,15.1,35.9,6.0,237.0,437.0,442.0,425.0,1
High School,31,2.33,69.8,8.7,18.1,35.5,7.5,373.0,439.0,441.0,430.0,1
High School,31,2.82,68.4,6.5,16.6,34.8,10.5,698.0,459.0,482.0,467.0,1
High School,31,2.49,78.7,10.4,20.6,44.7,3.0,531.0,463.0,482.0,457.0,1
High School,31,2.15,77.9,12.4,19.6,44.4,1.5,10.0,474.0,431.0,397.0,1
High School,31,1.88,76.0,9.7,18.4,43.4,4.5,48.0,411.0,429.0,386.0,1
High School,31,3.89,77.4,10.4,24.1,42.9,0.0,287.0,638.0,673.0,617.0,1
High School,32,2.02,84.4,7.1,17.5,52.3,7.5,36.0,382.0,369.0,374.0,1
High School,32,2.42,48.5,7.0,11.4,30.1,0.0,82.0,389.0,390.0,376.0,1
High School,32,2.07,85.9,10.8,19.0,51.6,4.5,72.0,363.0,364.0,358.0,1
High School,32,1.92,66.1,9.4,14.6,37.6,4.5,49.0,355.0,361.0,353.0,1
High School,32,2.86,82.4,13.5,15.1,53.8,0.0,29.0,394.0,420.0,395.0,1
High School,32,1.91,64.3,10.8,15.3,36.7,1.5,30.0,357.0,345.0,351.0,1
Elementary,1,62.65,37.6,7.2,3.0,27.4,0.0,,,,,0
Elementary,1,48.94,35.7,6.4,4.9,24.4,0.0,,,,,0
Elementary,1,57.68,70.3,9.3,7.9,44.1,9.0,,,,,0
K-8,1,66.75,53.0,6.8,7.4,33.0,5.8,,,,,0
Elementary,1,57.55,54.0,7.8,7.1,35.8,3.3,,,,,0
Elementary,1,61.5,31.0,10.3,5.4,15.3,0.0,,,,,0
Elementary,1,42.47,25.4,5.2,8.8,11.4,0.0,,,,,0
Elementary,1,53.05,54.2,4.9,4.1,41.4,3.8,,,,,0
Elementary,1,58.66,20.1,6.8,5.5,7.8,0.0,,,,,0
K-8,1,61.9,43.0,8.5,7.2,26.5,0.8,,,,,0
Elementary,1,61.02,50.3,8.7,5.9,34.4,1.3,,,,,0
K-8,1,27.58,92.1,12.0,19.2,52.9,8.0,,,,,0
K-8,1,64.94,16.8,6.5,3.6,5.9,0.8,,,,,0
Middle,1,2.31,40.9,7.1,7.9,25.1,0.8,,,,,0
Elementary,1,32.44,22.8,5.8,4.7,12.3,0.0,,,,,0
Middle,1,2.12,51.1,6.8,6.7,33.8,3.8,,,,,0
Middle,1,2.72,44.6,6.4,8.8,27.1,2.3,,,,,0
Elementary,1,35.38,34.3,8.2,1.3,24.8,0.0,,,,,0
Elementary,1,33.79,33.1,6.8,3.6,21.7,1.0,,,,,0
Elementary,1,31.8,22.0,8.6,0.0,13.4,0.0,,,,,0
Middle,1,2.49,56.5,11.3,12.2,30.5,2.5,,,,,0
High School,1,2.01,62.6,8.4,12.9,38.3,3.0,,,,,0
Middle,1,2.8,84.4,12.3,16.7,47.4,8.0,,,,,0
Elementary,2,39.34,41.2,4.4,9.5,23.5,3.8,,,,,0
Elementary,2,40.23,87.5,8.6,12.6,55.8,10.5,,,,,0
Elementary,2,17.09,47.8,8.5,6.5,26.5,6.3,,,,,0
Elementary,2,12.51,45.6,5.8,10.1,24.9,4.8,,,,,0
Elementary,2,40.45,74.0,12.4,15.7,41.4,4.5,,,,,0
Elementary,2,50.44,62.2,13.6,15.5,28.8,4.3,,,,,0
Elementary,2,15.55,63.7,9.2,13.7,38.0,2.8,,,,,0
Elementary,2,11.69,58.2,9.8,12.4,29.0,7.0,,,,,0
Elementary,2,36.63,82.6,11.7,16.3,46.6,8.0,,,,,0
Elementary,2,49.51,57.2,11.2,14.5,31.5,0.0,,,,,0
Elementary,2,19.37,43.8,9.2,9.1,22.7,2.8,,,,,0
Elementary,2,9.83,76.3,7.6,19.7,49.0,0.0,,,,,0
Elementary,2,11.57,47.6,8.2,8.3,29.1,2.0,,,,,0
Middle,2,3.13,53.0,6.8,11.3,31.4,3.5,,,,,0
K-8,2,52.01,52.6,5.5,4.1,36.0,7.0,,,,,0
Middle,2,3.62,78.3,13.2,19.1,40.5,5.5,,,,,0
Elementary,2,20.28,51.3,8.2,14.3,23.3,5.5,,,,,0
Elementary,2,26.08,67.3,7.7,15.6,41.7,2.3,,,,,0
K-8,2,40.66,75.0,7.7,14.9,44.9,7.5,,,,,0
Elementary,2,27.53,88.3,13.1,15.6,51.6,8.0,,,,,0
Middle,2,2.89,61.9,9.2,8.6,37.8,6.3,,,,,0
Elementary,2,14.53,52.4,9.4,8.6,34.4,0.0,,,,,0
Elementary,2,18.68,79.7,3.9,18.9,49.9,7.0,,,,,0
Middle,2,3.11,53.9,7.4,12.2,28.3,6.0,,,,,0
Elementary,2,14.61,49.1,8.6,6.5,29.0,5.0,,,,,0
Elementary,2,50.02,42.8,4.3,6.7,28.5,3.3,,,,,0
Elementary,2,23.15,59.5,10.4,10.8,32.8,5.5,,,,,0
K-8,2,35.99,45.4,7.8,6.6,27.7,3.3,,,,,0
K-8,2,41.34,50.9,6.3,4.1,37.7,2.8,,,,,0
Elementary,2,9.11,55.1,9.1,14.1,29.9,2.0,,,,,0
Middle,2,3.58,53.1,10.0,15.4,23.4,4.3,,,,,0
Middle,2,2.96,74.4,11.4,18.0,37.7,7.3,,,,,0
Middle,2,3.37,59.1,9.6,13.4,32.3,3.8,,,,,0
Elementary,2,13.17,78.7,12.1,13.6,45.0,8.0,,,,,0
Middle,2,3.64,77.0,10.7,18.5,40.5,7.3,,,,,0
K-8,2,64.27,49.2,10.3,4.9,32.5,1.5,,,,,0
K-8,2,31.38,34.3,11.5,12.7,10.1,0.0,,,,,0
Middle,2,2.41,40.4,8.6,11.5,17.5,2.8,,,,,0
Elementary,3,20.05,57.7,10.7,15.4,29.6,2.0,,,,,0
Middle,3,3.45,61.9,7.9,14.0,34.2,5.8,,,,,0
Elementary,3,47.63,33.5,4.8,4.1,24.6,0.0,,,,,0
Elementary,3,58.84,27.1,3.9,0.0,22.7,0.5,,,,,0
Elementary,3,43.87,23.3,3.5,0.0,19.8,0.0,,,,,0
Elementary,3,18.92,41.5,4.3,8.4,26.0,2.8,,,,,0
Elementary,3,59.05,47.6,3.1,4.3,35.4,4.8,,,,,0
K-8,3,59.72,45.2,7.1,4.5,32.3,1.3,,,,,0
Elementary,3,41.28,39.2,8.0,9.0,22.2,0.0,,,,,0
K-8,3,57.47,43.8,7.7,4.3,29.8,2.0,,,,,0
Elementary,3,25.24,19.8,6.5,3.2,10.1,0.0,,,,,0
K-8,3,55.03,40.4,11.9,8.9,15.3,4.3,,,,,0
K-8,3,53.96,34.3,5.4,2.6,23.5,2.8,,,,,0
Elementary,3,12.19,67.0,7.5,10.7,44.5,4.3,,,,,0
Elementary,3,61.71,36.7,9.4,3.1,22.7,1.5,,,,,0
K-8,3,62.42,37.0,7.0,2.2,24.8,3.0,,,,,0
Elementary,3,57.47,27.9,5.5,1.1,21.3,0.0,,,,,0
Middle,3,3.64,50.0,13.8,14.4,21.8,0.0,,,,,0
Middle,3,3.24,43.8,12.1,8.7,21.0,2.0,,,,,0
Middle,3,2.4,76.3,13.7,12.6,41.5,8.5,,,,,0
Middle,3,2.38,71.4,15.0,11.9,37.5,7.0,,,,,0
Middle,3,2.03,32.6,7.1,4.6,20.1,0.8,,,,,0
Middle,3,2.43,64.0,10.9,11.9,37.2,4.0,,,,,0
K-8,3,24.69,27.9,7.5,2.2,16.2,2.0,,,,,0
K-8,3,6.5,91.0,13.4,24.8,52.8,0.0,,,,,0
High School,3,2.33,85.7,8.5,17.1,46.6,13.5,,,,,0
K-8,3,8.0,75.3,6.5,22.5,46.3,0.0,,,,,0
Middle,3,3.07,66.7,9.9,14.5,37.5,4.8,,,,,0
K-8,4,58.46,61.4,7.7,7.2,42.7,3.8,,,,,0
K-8,4,39.33,58.9,9.8,20.1,29.0,0.0,,,,,0
Middle,4,2.13,22.7,4.1,4.4,13.2,1.0,,,,,0
Elementary,4,61.02,56.2,10.1,7.6,36.7,1.8,,,,,0
Elementary,4,63.08,29.9,4.6,2.6,22.2,0.5,,,,,0
Middle,4,2.19,35.2,6.6,3.6,24.0,1.0,,,,,0
K-8,4,63.78,27.9,5.1,3.6,17.4,1.8,,,,,0
K-8,4,62.56,74.5,14.3,15.0,35.7,9.5,,,,,0
Elementary,4,65.94,58.6,12.1,8.8,32.2,5.5,,,,,0
Elementary,4,59.17,84.1,11.4,20.0,51.2,1.5,,,,,0
K-8,4,63.09,26.4,3.2,3.8,18.9,0.5,,,,,0
Elementary,4,74.03,74.0,9.1,10.9,45.2,8.8,,,,,0
K-8,4,61.42,46.4,11.8,10.9,20.2,3.5,,,,,0
Elementary,4,73.23,19.8,5.9,0.0,13.9,0.0,,,,,0
Elementary,4,69.02,40.9,8.8,5.0,24.8,2.3,,,,,0
K-8,4,57.4,64.8,8.9,14.2,35.7,6.0,,,,,0
Elementary,4,63.96,79.7,9.4,17.1,47.9,5.3,,,,,0
Elementary,4,64.11,34.4,8.0,6.9,19.0,0.5,,,,,0
Middle,4,3.43,40.4,7.7,7.9,22.5,2.3,,,,,0
Middle,4,1.99,62.8,12.4,5.6,40.5,4.3,,,,,0
Elementary,4,67.68,53.6,7.3,1.2,40.6,4.5,,,,,0
Middle,4,2.11,68.9,7.3,7.9,48.4,5.3,,,,,0
Middle,4,2.08,40.3,7.7,3.6,28.2,0.8,,,,,0
Elementary,4,37.83,21.7,11.7,1.0,8.2,0.8,,,,,0
Middle,4,2.84,22.9,8.3,5.9,8.7,0.0,,,,,0
Elementary,4,49.09,40.7,10.7,3.3,24.4,2.3,,,,,0
Elementary,5,66.85,62.3,8.7,6.7,43.1,3.8,,,,,0
Elementary,5,62.45,32.3,6.6,5.8,19.1,0.8,,,,,0
Elementary,5,62.65,42.1,11.4,5.1,20.6,5.0,,,,,0
K-8,5,60.69,25.8,8.4,3.5,11.9,2.0,,,,,0
Elementary,5,60.88,42.6,5.7,0.9,33.0,3.0,,,,,0
K-8,5,59.58,50.0,8.1,6.0,29.1,6.8,,,,,0
Elementary,5,62.49,33.2,2.9,1.0,27.8,1.5,,,,,0
Elementary,5,65.0,35.1,7.3,4.7,23.1,0.0,,,,,0
K-8,5,66.35,51.9,10.6,8.6,28.4,4.3,,,,,0
Elementary,5,59.22,52.9,6.8,6.7,36.4,3.0,,,,,0
Elementary,5,65.87,35.4,3.9,0.0,29.5,2.0,,,,,0
Middle,5,2.35,22.0,3.8,3.7,14.0,0.5,,,,,0
Elementary,5,58.68,56.6,9.5,8.2,33.1,5.8,,,,,0
Elementary,5,59.82,43.5,3.0,2.2,32.3,6.0,,,,,0
Middle,5,2.53,33.4,10.0,5.8,17.6,0.0,,,,,0
Middle,5,2.76,53.6,9.3,8.6,33.7,2.0,,,,,0
Middle,5,2.14,25.7,2.8,4.4,18.0,0.5,,,,,0
Elementary,5,47.59,32.0,9.0,1.8,20.4,0.8,,,,,0
Middle,5,2.25,13.7,2.8,1.4,8.7,0.8,,,,,0
Middle,5,3.84,22.9,6.2,13.4,3.3,0.0,,,,,0
Middle,5,2.46,43.0,8.0,6.2,28.8,0.0,,,,,0
Elementary,6,65.56,50.7,8.5,4.2,34.2,3.8,,,,,0
Elementary,6,66.31,54.5,8.6,7.1,35.8,3.0,,,,,0
Elementary,6,68.56,60.8,11.5,5.1,39.9,4.3,,,,,0
K-8,6,63.4,54.1,12.7,6.4,30.5,4.5,,,,,0
Elementary,6,64.93,58.6,10.0,7.2,37.6,3.8,,,,,0
Elementary,6,67.12,46.4,9.1,6.7,28.3,2.3,,,,,0
Middle,6,2.59,63.0,10.7,7.4,40.9,4.0,,,,,0
Elementary,6,68.39,48.2,4.8,4.8,34.8,3.8,,,,,0
Elementary,6,67.01,9.3,7.7,1.6,0.0,0.0,,,,,0
Elementary,6,66.0,48.8,8.7,5.0,30.3,4.8,,,,,0
Elementary,6,68.59,45.3,7.2,4.4,29.7,4.0,,,,,0
Middle,6,2.34,45.0,8.7,5.6,30.7,0.0,,,,,0
Elementary,6,64.22,41.4,4.0,6.0,30.6,0.8,,,,,0
Elementary,6,63.46,79.0,10.4,11.9,47.7,9.0,,,,,0
Elementary,6,58.51,55.8,3.8,5.8,41.2,5.0,,,,,0
K-8,6,42.09,57.5,9.0,9.6,34.4,4.5,,,,,0
Elementary,6,66.66,62.2,10.1,6.6,41.0,4.5,,,,,0
Elementary,6,65.84,38.6,8.2,3.6,26.0,0.8,,,,,0
K-8,6,66.04,47.4,12.6,9.9,24.1,0.8,,,,,0
Middle,6,2.38,51.7,5.5,5.2,37.2,3.8,,,,,0
Middle,6,3.68,72.5,8.2,16.3,46.5,1.5,,,,,0
K-8,6,55.54,50.0,10.8,7.3,30.4,1.5,,,,,0
Middle,6,2.68,75.6,11.5,13.9,45.9,4.3,,,,,0
K-8,6,51.76,78.5,12.0,12.4,44.6,9.5,,,,,0
Elementary,6,43.41,50.8,1.4,0.0,46.4,3.0,,,,,0
Middle,6,2.49,71.7,13.1,8.3,43.3,7.0,,,,,0
Middle,6,2.58,51.8,8.1,6.5,34.9,2.3,,,,,0
Middle,6,2.46,69.2,13.7,10.5,37.5,7.5,,,,,0
Elementary,6,66.89,15.1,8.6,3.0,3.5,0.0,,,,,0
Middle,6,2.24,63.8,10.5,7.3,39.2,6.8,,,,,0
Middle,6,2.25,55.2,8.9,6.3,36.7,3.3,,,,,0
Middle,6,2.36,31.1,6.0,4.4,19.9,0.8,,,,,0
Middle,6,2.47,54.5,11.3,10.5,31.4,1.3,,,,,0
Middle,6,2.09,80.5,13.3,4.0,57.2,6.0,,,,,0
Elementary,6,45.09,42.9,7.6,8.4,25.4,1.5,,,,,0
Elementary,6,50.14,31.1,8.1,0.8,22.2,0.0,,,,,0
Middle,6,2.75,26.7,8.6,4.1,13.5,0.5,,,,,0
Elementary,7,56.82,21.8,6.4,0.8,13.8,0.8,,,,,0
Elementary,7,67.46,39.3,9.4,6.7,20.9,2.3,,,,,0
Elementary,7,63.58,26.0,1.9,2.5,21.6,0.0,,,,,0
Elementary,7,69.42,90.6,8.9,13.4,60.0,8.3,,,,,0
K-8,7,61.97,38.7,4.6,5.0,27.8,1.3,,,,,0
Elementary,7,67.16,58.7,9.3,2.1,42.3,5.0,,,,,0
K-8,7,64.59,37.6,6.1,6.0,24.0,1.5,,,,,0
Elementary,7,64.3,64.4,8.8,8.8,42.3,4.5,,,,,0
Elementary,7,67.56,39.5,6.4,6.5,24.1,2.5,,,,,0
Elementary,7,67.83,39.7,2.7,2.0,33.5,1.5,,,,,0
Middle,7,2.17,63.5,8.2,6.2,40.6,8.5,,,,,0
Elementary,7,68.0,33.9,5.2,4.7,21.5,2.5,,,,,0
Elementary,7,61.88,56.0,5.4,8.0,37.8,4.8,,,,,0
Elementary,7,68.55,40.5,6.4,4.0,29.6,0.5,,,,,0
Middle,7,2.38,49.8,3.6,6.4,34.5,5.3,,,,,0
Elementary,7,66.03,23.8,8.8,3.3,11.7,0.0,,,,,0
Middle,7,2.09,38.0,7.2,3.4,25.1,2.3,,,,,0
Middle,7,2.81,78.8,9.8,11.5,47.7,9.8,,,,,0
Middle,7,2.26,61.6,8.4,5.6,42.3,5.3,,,,,0
Elementary,7,64.94,23.2,8.3,0.0,14.9,0.0,,,,,0
Middle,7,1.91,68.8,9.5,5.9,44.6,8.8,,,,,0
Middle,7,2.03,65.7,8.2,5.8,45.7,6.0,,,,,0
High School,7,2.2,42.7,7.5,8.3,26.9,0.0,,,,,0
Middle,7,2.37,62.9,11.2,8.3,37.6,5.8,,,,,0
Elementary,7,65.47,20.3,2.8,0.0,17.5,0.0,,,,,0
High School,7,2.23,63.6,8.0,19.6,36.0,0.0,,,,,0
Elementary,7,65.96,36.9,0.0,0.0,33.1,3.8,,,,,0
Elementary,8,40.81,20.2,3.2,4.4,11.6,1.0,,,,,0
Elementary,8,54.16,48.4,10.2,10.3,26.9,1.0,,,,,0
Elementary,8,64.74,56.2,6.2,7.8,37.7,4.5,,,,,0
Elementary,8,63.59,48.6,7.1,4.8,32.4,4.3,,,,,0
Elementary,8,60.57,80.4,8.6,13.9,49.1,8.8,,,,,0
K-8,8,39.68,39.2,3.0,7.5,25.7,3.0,,,,,0
Elementary,8,54.75,25.0,5.8,3.2,14.0,2.0,,,,,0
Elementary,8,64.36,52.2,6.4,7.4,35.4,3.0,,,,,0
Elementary,8,61.95,54.4,7.2,7.4,35.3,4.5,,,,,0
Elementary,8,59.77,35.0,6.9,5.8,21.0,1.3,,,,,0
Middle,8,3.58,41.6,7.3,9.9,24.4,0.0,,,,,0
Elementary,8,62.16,6.3,4.4,0.4,1.5,0.0,,,,,0
Elementary,8,48.51,35.1,3.8,4.9,24.4,2.0,,,,,0
Middle,8,2.42,63.2,6.8,6.6,41.8,8.0,,,,,0
Middle,8,2.61,50.5,5.6,7.1,33.5,4.3,,,,,0
Elementary,8,65.21,33.8,8.3,1.9,22.8,0.8,,,,,0
Middle,8,2.65,39.6,5.0,5.8,26.0,2.8,,,,,0
Elementary,8,58.56,24.2,7.9,5.7,9.8,0.8,,,,,0
Elementary,8,64.32,24.3,5.4,5.6,10.5,2.8,,,,,0
Elementary,8,64.01,27.4,4.1,5.1,16.2,2.0,,,,,0
Elementary,8,62.76,61.9,7.5,8.0,37.4,9.0,,,,,0
Elementary,8,54.72,45.3,8.5,9.2,24.3,3.3,,,,,0
Middle,8,2.39,27.8,5.8,6.7,14.3,1.0,,,,,0
Middle,8,2.25,40.7,7.5,5.0,25.7,2.5,,,,,0
Middle,8,2.23,67.1,9.8,9.4,41.9,6.0,,,,,0
Elementary,8,38.77,57.0,9.7,11.6,31.9,3.8,,,,,0
Elementary,8,67.6,42.8,10.3,6.8,24.9,0.8,,,,,0
Middle,8,2.33,68.2,8.7,11.4,41.3,6.8,,,,,0
Middle,8,2.45,7.9,4.3,3.6,0.0,0.0,,,,,0
Middle,8,2.52,33.8,6.9,5.1,20.3,1.5,,,,,0
Middle,8,2.67,58.4,8.1,12.2,35.1,3.0,,,,,0
Middle,8,2.59,27.4,2.2,4.8,20.4,0.0,,,,,0
Middle,8,2.66,39.2,5.2,8.0,25.5,0.5,,,,,0
Middle,8,2.25,50.9,6.6,6.5,33.5,4.3,,,,,0
K-8,9,65.29,50.4,8.5,6.8,28.6,6.5,,,,,0
Elementary,9,63.53,46.1,1.1,2.6,38.6,3.8,,,,,0
Middle,9,2.58,37.3,6.9,2.6,27.0,0.8,,,,,0
Elementary,9,65.27,52.8,6.1,8.0,34.2,4.5,,,,,0
Elementary,9,57.96,38.2,6.8,9.6,20.8,1.0,,,,,0
Elementary,9,65.59,60.0,8.2,6.1,40.4,5.3,,,,,0
Elementary,9,62.75,21.7,6.5,5.9,7.3,2.0,,,,,0
Elementary,9,65.67,34.4,5.7,2.5,22.7,3.5,,,,,0
Elementary,9,66.34,40.2,2.9,3.6,31.4,2.3,,,,,0
Elementary,9,66.22,46.7,8.2,13.9,20.8,3.8,,,,,0
Elementary,9,69.62,39.5,7.1,1.8,29.8,0.8,,,,,0
Elementary,9,63.35,31.2,4.4,1.5,23.8,1.5,,,,,0
Elementary,9,64.56,47.5,7.9,1.3,34.5,3.8,,,,,0
Elementary,9,66.75,68.0,9.6,10.9,40.7,6.8,,,,,0
Elementary,9,69.02,52.2,10.2,7.8,29.7,4.5,,,,,0
Elementary,9,64.61,43.8,6.4,2.7,30.2,4.5,,,,,0
Middle,9,2.38,59.3,5.4,6.9,41.0,6.0,,,,,0
Elementary,9,66.19,43.8,5.3,4.3,32.2,2.0,,,,,0
Middle,9,3.06,62.6,7.4,9.4,40.0,5.8,,,,,0
Elementary,9,67.4,44.4,7.0,0.2,33.4,3.8,,,,,0
Middle,9,2.33,55.1,12.4,5.6,30.6,6.5,,,,,0
Elementary,9,67.75,33.3,4.0,6.6,21.7,1.0,,,,,0
Elementary,9,67.18,58.5,7.3,11.2,31.5,8.5,,,,,0
Elementary,9,63.21,67.1,12.8,15.7,37.1,1.5,,,,,0
Middle,9,3.07,46.5,8.1,6.9,29.2,2.3,,,,,0
K-8,9,61.01,63.1,10.0,11.6,38.0,3.5,,,,,0
Middle,9,2.27,44.9,5.5,5.9,31.5,2.0,,,,,0
Middle,9,2.29,61.6,5.8,6.7,42.6,6.5,,,,,0
Elementary,9,66.77,36.1,5.0,2.1,23.2,5.8,,,,,0
Middle,9,2.35,63.8,7.9,6.4,42.5,7.0,,,,,0
Middle,9,2.7,50.8,8.6,9.8,28.9,3.5,,,,,0
Middle,9,2.84,40.7,8.4,3.2,25.8,3.3,,,,,0
Middle,9,2.48,45.9,6.3,6.1,31.5,2.0,,,,,0
Middle,9,2.51,69.3,3.6,8.0,47.4,10.3,,,,,0
Middle,9,2.6,44.3,8.5,9.4,26.4,0.0,,,,,0
Middle,9,2.46,47.2,5.2,4.0,35.7,2.3,,,,,0
Middle,9,2.75,75.6,10.0,13.1,45.5,7.0,,,,,0
Middle,9,2.24,38.2,5.9,4.0,25.8,2.5,,,,,0
Middle,9,2.26,44.1,4.6,5.0,31.0,3.5,,,,,0
K-8,10,58.49,57.1,5.0,9.9,37.9,4.3,,,,,0
Elementary,10,59.01,36.1,7.8,4.1,24.2,0.0,,,,,0
Elementary,10,56.87,51.9,4.9,9.6,35.9,1.5,,,,,0
Elementary,10,64.94,19.1,4.1,2.7,12.3,0.0,,,,,0
K-8,10,61.25,75.1,12.4,13.3,39.4,10.0,,,,,0
K-8,10,58.31,43.5,6.9,8.5,25.1,3.0,,,,,0
Elementary,10,24.8,38.5,2.5,5.8,27.9,2.3,,,,,0
Elementary,10,65.49,100.6,10.7,16.9,58.0,15.0,,,,,0
Elementary,10,64.3,62.7,8.4,6.6,40.4,7.3,,,,,0
K-8,10,61.15,43.3,5.4,8.1,28.0,1.8,,,,,0
Middle,10,2.75,34.4,6.1,7.1,21.2,0.0,,,,,0
Elementary,10,64.09,36.2,6.9,4.5,24.8,0.0,,,,,0
Elementary,10,56.22,44.5,10.4,7.3,26.8,0.0,,,,,0
Elementary,10,62.28,31.2,3.6,5.0,21.3,1.3,,,,,0
Elementary,10,49.16,66.7,11.0,5.9,45.3,4.5,,,,,0
Elementary,10,67.44,52.7,6.2,5.4,34.3,6.8,,,,,0
Middle,10,2.29,50.6,4.5,6.2,34.6,5.3,,,,,0
Elementary,10,32.96,26.8,7.9,6.3,11.6,1.0,,,,,0
Elementary,10,65.26,40.5,5.6,2.4,29.5,3.0,,,,,0
Elementary,10,63.21,79.0,11.7,9.9,47.1,10.3,,,,,0
Elementary,10,62.58,53.3,4.5,6.2,39.6,3.0,,,,,0
Elementary,10,57.26,37.5,4.1,2.1,30.0,1.3,,,,,0
K-8,10,54.34,49.5,4.0,8.3,33.7,3.5,,,,,0
Middle,10,3.02,39.0,3.6,6.4,26.2,2.8,,,,,0
Elementary,10,68.43,54.1,10.3,12.6,29.7,1.5,,,,,0
Elementary,10,61.56,64.5,9.6,14.5,33.9,6.5,,,,,0
Middle,10,2.56,54.2,8.7,7.6,33.1,4.8,,,,,0
Elementary,10,67.51,14.8,7.4,6.9,0.5,0.0,,,,,0
Middle,10,2.6,77.1,12.5,13.6,44.7,6.3,,,,,0
Middle,10,2.39,56.3,6.3,8.3,37.2,4.5,,,,,0
Elementary,10,65.76,38.2,6.4,3.6,28.2,0.0,,,,,0
Middle,10,2.3,66.2,6.1,10.0,42.8,7.3,,,,,0
K-8,10,64.83,51.8,7.9,5.9,32.5,5.5,,,,,0
K-8,10,55.32,60.5,8.8,11.1,36.1,4.5,,,,,0
Elementary,10,67.09,56.1,10.4,13.3,29.4,3.0,,,,,0
Elementary,10,61.16,11.6,8.1,1.5,0.0,2.0,,,,,0
Elementary,10,61.01,81.1,12.5,16.3,45.0,7.3,,,,,0
Middle,10,2.49,52.7,4.5,6.6,35.6,6.0,,,,,0
Elementary,10,63.65,63.6,7.5,8.1,43.0,5.0,,,,,0
K-8,10,61.64,78.4,10.2,12.3,49.1,6.8,,,,,0
Middle,10,2.2,48.8,11.5,6.1,28.9,2.3,,,,,0
Elementary,10,61.26,51.4,10.3,6.0,30.3,4.8,,,,,0
Elementary,10,59.74,46.4,6.5,5.1,33.5,1.3,,,,,0
Middle,10,2.5,39.2,8.0,5.6,24.3,1.3,,,,,0
Middle,10,2.28,43.7,6.8,4.1,31.3,1.5,,,,,0
Elementary,10,64.07,55.2,10.1,11.7,31.9,1.5,,,,,0
Elementary,11,55.24,21.3,5.8,5.2,8.3,2.0,,,,,0
K-8,11,23.81,31.2,7.2,4.4,18.1,1.5,,,,,0
Elementary,11,58.16,40.6,5.9,2.6,29.6,2.5,,,,,0
Elementary,11,60.95,90.8,9.6,10.6,58.3,12.3,,,,,0
Elementary,11,61.07,43.4,10.3,6.4,22.4,4.3,,,,,0
Elementary,11,53.9,71.6,8.1,9.6,44.1,9.8,,,,,0
Elementary,11,57.29,34.6,4.9,1.3,25.1,3.3,,,,,0
K-8,11,43.21,37.6,9.0,7.5,19.6,1.5,,,,,0
Elementary,11,54.41,22.1,6.1,1.7,13.5,0.8,,,,,0
K-8,11,53.36,36.9,1.1,3.1,31.4,1.3,,,,,0
Elementary,11,51.26,54.4,7.4,12.7,33.8,0.5,,,,,0
Elementary,11,47.6,56.4,5.7,5.0,39.7,6.0,,,,,0
Elementary,11,58.18,42.1,7.3,2.7,29.1,3.0,,,,,0
Elementary,11,53.81,48.6,6.2,6.3,32.8,3.3,,,,,0
Elementary,11,47.67,45.4,8.7,7.9,26.3,2.5,,,,,0
Elementary,11,34.85,32.6,4.8,5.3,22.5,0.0,,,,,0
Elementary,11,59.77,34.0,7.0,1.3,22.7,3.0,,,,,0
Elementary,11,60.95,60.9,4.1,6.4,45.1,5.3,,,,,0
Elementary,11,50.34,50.6,11.5,5.9,30.2,3.0,,,,,0
Middle,11,2.74,43.2,6.3,5.6,29.0,2.3,,,,,0
Middle,11,2.54,27.1,3.8,3.7,18.8,0.8,,,,,0
Middle,11,2.59,39.2,6.4,5.8,25.7,1.3,,,,,0
Elementary,11,47.99,47.5,8.7,9.5,27.8,1.5,,,,,0
Elementary,11,52.11,38.4,6.3,4.6,27.0,0.5,,,,,0
K-8,11,21.08,38.8,6.6,8.1,21.1,3.0,,,,,0
Elementary,11,52.06,40.5,5.3,2.7,28.2,4.3,,,,,0
Middle,11,2.72,48.5,8.7,9.5,28.0,2.3,,,,,0
Middle,11,2.76,59.5,8.1,11.6,37.3,2.5,,,,,0
Elementary,11,58.85,7.6,3.3,0.0,4.3,0.0,,,,,0
K-8,11,51.42,42.0,8.1,7.5,25.4,1.0,,,,,0
Middle,11,2.66,14.6,3.9,3.3,7.4,0.0,,,,,0
Middle,11,2.45,46.5,7.4,5.7,31.9,1.5,,,,,0
Middle,11,2.62,34.5,2.9,6.4,23.7,1.5,,,,,0
Middle,11,2.8,32.6,3.3,6.0,21.8,1.5,,,,,0
Middle,11,2.64,31.9,3.5,4.2,23.2,1.0,,,,,0
Middle,11,2.55,10.1,0.0,4.1,6.0,0.0,,,,,0
Elementary,12,64.66,23.5,1.8,3.0,18.2,0.5,,,,,0
Elementary,12,66.75,53.9,7.3,4.4,37.2,5.0,,,,,0
Elementary,12,58.29,26.2,10.6,5.5,9.6,0.5,,,,,0
Elementary,12,69.29,26.3,0.0,1.6,23.9,0.8,,,,,0
Elementary,12,62.22,50.0,9.2,8.8,29.0,3.0,,,,,0
Elementary,12,59.55,31.7,10.7,4.4,15.8,0.8,,,,,0
Elementary,12,65.24,51.0,11.0,7.5,30.2,2.3,,,,,0
Elementary,12,64.5,31.2,3.9,6.4,19.4,1.5,,,,,0
Elementary,12,64.82,46.7,0.9,3.3,38.2,4.3,,,,,0
Middle,12,2.43,64.6,7.3,7.5,41.8,8.0,,,,,0
Elementary,12,62.32,31.4,1.7,1.2,28.5,0.0,,,,,0
Middle,12,2.49,53.2,6.4,8.5,35.0,3.3,,,,,0
Elementary,12,64.59,43.7,5.5,4.2,31.7,2.3,,,,,0
Elementary,12,66.54,68.0,9.2,10.5,41.0,7.3,,,,,0
Middle,12,2.5,52.8,8.2,5.4,32.9,6.3,,,,,0
Elementary,12,62.42,31.2,7.5,3.2,18.2,2.3,,,,,0
Elementary,12,62.71,43.8,9.9,11.0,22.1,0.8,,,,,0
K-8,12,69.99,72.9,6.8,6.0,51.1,9.0,,,,,0
K-8,12,65.18,36.9,8.4,5.1,21.1,2.3,,,,,0
K-8,12,60.02,54.7,10.7,7.2,34.5,2.3,,,,,0
Middle,12,2.3,64.4,4.9,8.4,44.1,7.0,,,,,0
Middle,12,2.68,79.5,10.6,13.3,48.6,7.0,,,,,0
Middle,12,2.25,87.0,8.2,11.8,56.0,11.0,,,,,0
Middle,12,2.56,46.2,8.1,9.0,26.8,2.3,,,,,0
Middle,12,2.48,64.7,6.1,6.5,45.3,6.8,,,,,0
Elementary,12,62.22,36.0,6.9,0.9,27.4,0.8,,,,,0
Middle,12,2.64,75.7,11.0,11.3,45.1,8.3,,,,,0
Middle,12,2.39,34.2,5.6,5.1,22.2,1.3,,,,,0
Middle,12,2.32,64.4,7.7,6.7,42.5,7.5,,,,,0
Middle,12,2.79,19.5,5.7,3.3,10.0,0.5,,,,,0
Middle,12,2.41,54.3,7.0,6.8,34.5,6.0,,,,,0
Middle,12,2.31,69.1,12.3,6.4,42.6,7.8,,,,,0
Elementary,12,57.38,32.0,8.4,3.9,19.7,0.0,,,,,0
Elementary,13,50.94,29.4,6.1,5.2,17.6,0.5,,,,,0
Elementary,13,21.54,13.1,7.5,5.6,0.0,0.0,,,,,0
Elementary,13,52.52,30.7,7.1,6.5,16.3,0.8,,,,,0
Elementary,13,46.54,49.5,6.6,8.4,33.0,1.5,,,,,0
Elementary,13,47.83,22.9,6.6,0.0,16.3,0.0,,,,,0
Elementary,13,56.98,48.8,7.5,8.1,30.4,2.8,,,,,0
Elementary,13,63.37,66.2,7.4,5.2,44.8,8.8,,,,,0
Elementary,13,64.12,32.8,5.5,5.0,21.5,0.8,,,,,0
Elementary,13,60.17,54.0,8.9,5.9,38.4,0.8,,,,,0
Elementary,13,61.95,36.9,8.5,2.4,26.0,0.0,,,,,0
Elementary,13,54.81,25.3,4.5,1.9,18.9,0.0,,,,,0
Middle,13,2.84,36.3,7.2,3.7,24.6,0.8,,,,,0
Middle,13,2.8,32.7,4.9,7.0,20.8,0.0,,,,,0
Elementary,13,59.36,34.6,8.4,6.6,19.6,0.0,,,,,0
Elementary,13,56.33,30.2,3.3,6.9,20.0,0.0,,,,,0
Middle,13,3.02,17.8,5.7,0.6,10.7,0.8,,,,,0
Elementary,13,61.47,89.1,8.6,18.4,57.8,4.3,,,,,0
K-8,13,45.55,43.0,6.2,8.9,27.4,0.5,,,,,0
Elementary,13,62.14,57.3,7.6,0.0,46.2,3.5,,,,,0
Middle,13,2.63,20.7,4.8,3.7,12.2,0.0,,,,,0
Elementary,13,55.12,38.0,5.0,3.1,29.1,0.8,,,,,0
Elementary,13,64.04,31.2,6.8,0.1,22.5,1.8,,,,,0
Middle,13,2.38,53.2,6.1,8.5,37.8,0.8,,,,,0
Middle,13,2.41,22.6,1.1,4.4,17.1,0.0,,,,,0
High School,13,2.39,103.0,14.3,23.0,58.2,7.5,,,,,0
Middle,13,2.95,44.9,8.0,7.7,24.7,4.5,,,,,0
Middle,13,3.16,19.5,8.9,0.0,10.6,0.0,,,,,0
Middle,13,2.2,11.8,0.9,2.4,7.7,0.8,,,,,0
Middle,13,2.72,16.3,8.7,0.0,7.6,0.0,,,,,0
Middle,13,2.61,25.0,3.0,1.5,19.0,1.5,,,,,0
Elementary,14,60.54,13.9,6.8,2.1,5.0,0.0,,,,,0
Elementary,14,60.97,60.9,6.2,9.4,37.5,7.8,,,,,0
Elementary,14,59.36,52.1,9.4,7.0,34.2,1.5,,,,,0
Elementary,14,60.27,27.2,10.2,0.0,17.0,0.0,,,,,0
Elementary,14,64.18,59.0,13.8,4.7,35.2,5.3,,,,,0
Elementary,14,40.14,97.4,11.7,22.7,60.0,3.0,,,,,0
Elementary,14,30.81,57.1,13.1,12.2,29.3,2.5,,,,,0
Middle,14,2.32,45.0,4.9,5.8,31.0,3.3,,,,,0
Elementary,14,61.93,12.1,5.8,0.6,5.7,0.0,,,,,0
Elementary,14,61.4,27.5,9.5,0.9,17.1,0.0,,,,,0
Elementary,14,35.1,28.8,9.8,8.0,11.0,0.0,,,,,0
Elementary,14,64.19,35.6,12.7,3.1,19.8,0.0,,,,,0
Middle,14,2.3,44.1,5.9,5.1,31.3,1.8,,,,,0
Elementary,14,44.67,47.7,10.3,9.8,26.1,1.5,,,,,0
Elementary,14,64.17,63.7,10.9,6.7,43.1,3.0,,,,,0
Elementary,14,65.03,50.1,11.9,6.2,27.7,4.3,,,,,0
Elementary,14,61.46,62.5,11.3,14.2,29.2,7.8,,,,,0
Elementary,14,50.61,42.1,9.2,8.4,24.5,0.0,,,,,0
Elementary,14,64.51,72.3,12.7,10.8,43.5,5.3,,,,,0
Elementary,14,62.82,36.1,7.7,1.5,24.6,2.3,,,,,0
Middle,14,3.27,30.6,10.6,4.6,13.6,1.8,,,,,0
Middle,14,2.38,41.5,6.9,6.2,28.4,0.0,,,,,0
Elementary,14,59.38,92.9,15.0,18.3,48.8,10.8,,,,,0
Middle,14,2.99,48.6,11.1,8.0,24.7,4.8,,,,,0
Middle,14,2.59,53.2,6.6,9.2,32.1,5.3,,,,,0
Middle,14,2.51,14.3,6.4,0.6,7.3,0.0,,,,,0
Middle,14,2.54,38.0,10.0,5.8,20.7,1.5,,,,,0
Elementary,15,60.68,36.9,9.0,8.1,19.3,0.5,,,,,0
Elementary,15,45.88,58.8,10.7,9.8,31.8,6.5,,,,,0
Elementary,15,66.33,76.8,10.7,13.1,42.7,10.3,,,,,0
Elementary,15,65.46,40.1,8.9,4.3,26.1,0.8,,,,,0
Elementary,15,20.71,59.0,8.0,11.0,35.0,5.0,,,,,0
Elementary,15,60.99,62.6,9.2,8.9,38.2,6.3,,,,,0
Elementary,15,51.1,27.5,4.1,5.4,16.7,1.3,,,,,0
Elementary,15,28.18,52.5,7.9,7.5,34.3,2.8,,,,,0
Middle,15,3.48,65.9,9.1,13.5,35.3,8.0,,,,,0
Elementary,15,20.61,61.0,8.6,4.9,40.5,7.0,,,,,0
Middle,15,2.54,52.3,8.6,9.9,29.8,4.0,,,,,0
Elementary,15,49.23,45.4,5.4,6.6,31.9,1.5,,,,,0
Elementary,15,16.88,62.3,8.0,11.4,39.1,3.8,,,,,0
Elementary,15,57.49,67.0,7.9,10.2,46.6,2.3,,,,,0
Elementary,15,49.45,54.3,7.4,10.5,34.6,1.8,,,,,0
Elementary,15,53.74,62.8,10.5,9.2,40.1,3.0,,,,,0
Middle,15,2.35,41.1,8.6,4.4,28.1,0.0,,,,,0
Elementary,15,29.81,52.2,8.8,6.7,29.4,7.3,,,,,0
Elementary,15,23.57,40.3,7.7,7.7,22.4,2.5,,,,,0
Elementary,15,51.07,42.1,9.1,5.2,26.3,1.5,,,,,0
Elementary,15,62.7,105.1,15.0,25.0,55.8,9.3,,,,,0
Elementary,15,37.38,34.5,10.1,6.2,18.2,0.0,,,,,0
Elementary,15,33.07,45.9,6.0,7.3,28.6,4.0,,,,,0
Elementary,15,48.42,70.6,9.9,9.7,48.7,2.3,,,,,0
Elementary,15,15.07,76.8,10.6,14.1,44.3,7.8,,,,,0
Elementary,15,16.12,70.0,8.3,14.5,45.7,1.5,,,,,0
Middle,15,1.91,56.2,10.5,7.2,37.7,0.8,,,,,0
Middle,15,2.98,71.4,10.4,15.7,38.3,7.0,,,,,0
Middle,15,3.25,67.1,6.9,16.5,37.4,6.3,,,,,0
Middle,15,2.86,69.2,8.3,11.8,41.8,7.3,,,,,0
Elementary,16,60.67,57.8,5.2,6.6,43.7,2.3,,,,,0
Elementary,16,54.57,64.2,9.6,10.2,37.1,7.3,,,,,0
Elementary,16,62.84,35.4,3.2,5.7,22.2,4.3,,,,,0
Elementary,16,59.8,33.2,6.3,7.6,19.3,0.0,,,,,0
Elementary,16,59.27,56.5,10.9,3.8,41.0,0.8,,,,,0
Middle,16,2.34,68.1,9.9,8.7,42.2,7.3,,,,,0
Elementary,16,59.56,80.3,8.4,7.0,56.9,8.0,,,,,0
Middle,16,2.43,42.4,10.2,4.1,26.8,1.3,,,,,0
Elementary,16,62.53,42.1,7.6,5.8,23.4,5.3,,,,,0
Elementary,16,63.97,15.1,6.7,4.9,3.5,0.0,,,,,0
Elementary,16,62.09,94.6,9.1,17.1,59.4,9.0,,,,,0
Middle,16,2.2,57.6,8.8,9.7,35.6,3.5,,,,,0
K-8,16,57.01,35.7,3.4,5.0,26.5,0.8,,,,,0
Elementary,16,60.65,33.8,9.6,3.2,19.5,1.5,,,,,0
Elementary,16,65.55,53.7,5.8,14.3,30.1,3.5,,,,,0
Middle,16,2.13,67.5,5.3,11.1,45.6,5.5,,,,,0
Middle,16,2.13,38.6,2.5,4.5,30.3,1.3,,,,,0
Middle,16,2.38,18.6,5.5,2.2,10.4,0.5,,,,,0
Elementary,16,65.29,64.7,9.8,5.6,44.0,5.3,,,,,0
Middle,17,2.36,59.1,10.0,7.4,36.9,4.8,,,,,0
Elementary,17,60.87,54.2,8.9,7.1,36.7,1.5,,,,,0
Elementary,17,62.04,44.9,5.4,8.4,29.6,1.5,,,,,0
Elementary,17,64.98,13.6,2.5,3.2,7.1,0.8,,,,,0
Middle,17,2.96,26.9,5.0,3.5,14.9,3.5,,,,,0
Elementary,17,66.08,29.1,6.3,9.3,13.0,0.5,,,,,0
Elementary,17,61.48,29.7,8.6,4.3,15.3,1.5,,,,,0
K-8,17,61.43,59.5,9.7,10.3,35.0,4.5,,,,,0
K-8,17,55.98,21.3,6.0,6.2,9.1,0.0,,,,,0
Elementary,17,64.61,20.7,5.7,2.7,12.3,0.0,,,,,0
K-8,17,56.46,32.2,3.3,6.7,20.2,2.0,,,,,0
K-8,17,59.69,50.2,10.2,12.1,24.4,3.5,,,,,0
Elementary,17,64.38,36.2,6.9,4.2,24.1,1.0,,,,,0
Elementary,17,60.84,36.8,8.1,5.4,20.8,2.5,,,,,0
Elementary,17,60.87,32.6,8.5,13.1,9.5,1.5,,,,,0
Middle,17,2.19,51.4,7.2,5.4,35.0,3.8,,,,,0
Elementary,17,59.8,55.2,4.0,9.2,39.2,2.8,,,,,0
Elementary,17,61.5,68.8,5.8,10.5,46.5,6.0,,,,,0
Middle,17,2.0,43.4,6.2,4.4,31.3,1.5,,,,,0
Middle,17,3.44,47.5,5.8,4.1,31.6,6.0,,,,,0
Middle,17,2.35,49.7,6.1,4.6,34.7,4.3,,,,,0
Middle,17,2.14,70.9,9.1,8.0,47.5,6.3,,,,,0
Middle,17,2.12,75.2,9.2,10.6,47.9,7.5,,,,,0
Elementary,17,60.43,44.5,9.8,5.0,26.7,3.0,,,,,0
K-8,17,57.04,36.8,8.9,7.4,18.5,2.0,,,,,0
Elementary,17,61.16,41.1,9.6,3.4,28.1,0.0,,,,,0
Elementary,17,65.36,53.8,2.9,10.6,36.5,3.8,,,,,0
Elementary,17,57.33,86.3,11.0,19.6,54.2,1.5,,,,,0
Middle,17,2.48,40.0,6.8,6.6,22.8,3.8,,,,,0
Middle,17,2.4,16.5,6.4,0.8,7.8,1.5,,,,,0
K-8,18,50.1,59.1,9.1,10.5,33.5,6.0,,,,,0
Middle,18,2.5,39.4,5.2,5.1,27.3,1.8,,,,,0
Elementary,18,53.34,16.0,0.0,0.7,12.5,2.8,,,,,0
Elementary,18,52.55,53.6,10.5,8.5,32.6,2.0,,,,,0
Elementary,18,58.06,50.8,11.0,7.8,30.7,1.3,,,,,0
Elementary,18,53.52,56.0,11.1,9.3,34.3,1.3,,,,,0
Middle,18,2.6,50.3,7.8,9.3,29.7,3.5,,,,,0
Elementary,18,60.32,36.1,6.3,6.3,22.2,1.3,,,,,0
Elementary,18,57.39,36.1,5.7,7.4,23.0,0.0,,,,,0
K-8,18,48.76,50.2,8.0,14.5,25.7,2.0,,,,,0
Elementary,18,54.95,57.4,8.3,9.0,38.1,2.0,,,,,0
Elementary,18,59.72,36.5,8.7,5.4,20.6,1.8,,,,,0
Elementary,18,60.88,40.4,4.8,4.8,28.3,2.5,,,,,0
Elementary,18,54.18,34.8,6.0,6.0,22.8,0.0,,,,,0
Elementary,18,54.4,35.1,6.1,6.7,20.3,2.0,,,,,0
Middle,18,2.91,32.0,3.9,5.5,22.6,0.0,,,,,0
Middle,18,2.34,17.1,2.4,4.0,10.2,0.5,,,,,0
Middle,18,2.52,32.7,3.4,4.9,23.6,0.8,,,,,0
Middle,18,2.6,37.6,6.4,8.2,23.0,0.0,,,,,0
Elementary,19,59.34,48.8,6.8,9.8,30.7,1.5,,,,,0
Elementary,19,61.11,32.9,7.4,2.9,21.8,0.8,,,,,0
Elementary,19,57.04,72.3,12.6,15.2,41.5,3.0,,,,,0
K-8,19,63.11,49.6,10.5,4.4,32.4,2.3,,,,,0
Elementary,19,58.0,45.2,9.2,9.4,26.6,0.0,,,,,0
Elementary,19,63.5,32.6,4.9,7.4,18.0,2.3,,,,,0
Elementary,19,60.01,38.3,7.9,5.0,22.4,3.0,,,,,0
Elementary,19,49.76,26.3,5.4,1.7,17.7,1.5,,,,,0
Middle,19,2.27,39.5,4.9,5.1,25.7,3.8,,,,,0
Middle,19,2.89,37.6,5.5,3.4,26.7,2.0,,,,,0
K-8,19,58.42,30.4,7.3,0.5,21.8,0.8,,,,,0
Elementary,19,61.38,62.1,7.1,10.2,38.8,6.0,,,,,0
K-8,19,60.65,12.5,5.6,5.6,0.0,1.3,,,,,0
Elementary,19,60.65,33.8,8.4,9.3,15.6,0.5,,,,,0
Elementary,19,48.35,43.5,6.5,4.4,30.3,2.3,,,,,0
Middle,19,2.56,59.7,5.3,9.1,39.0,6.3,,,,,0
Elementary,19,58.34,40.8,4.6,4.1,32.1,0.0,,,,,0
Elementary,19,60.61,16.3,1.3,1.4,12.8,0.8,,,,,0
Elementary,19,57.07,33.8,9.5,7.5,16.8,0.0,,,,,0
Elementary,19,58.71,45.3,9.9,8.8,26.6,0.0,,,,,0
Middle,19,2.64,40.6,5.3,7.3,26.0,2.0,,,,,0
Middle,19,2.74,30.2,3.5,2.3,23.6,0.8,,,,,0
K-8,19,60.24,41.5,4.0,4.2,31.0,2.3,,,,,0
Middle,19,2.77,43.9,6.5,4.6,32.0,0.8,,,,,0
K-8,19,65.26,44.2,3.0,3.3,33.4,4.5,,,,,0
Elementary,19,61.94,44.2,3.8,5.8,31.1,3.5,,,,,0
Elementary,19,50.85,32.9,4.2,4.9,22.8,1.0,,,,,0
Middle,19,2.89,50.4,7.1,9.2,30.3,3.8,,,,,0
Middle,19,3.26,43.2,8.7,6.1,26.9,1.5,,,,,0
Middle,20,3.1,70.0,8.3,12.5,42.2,7.0,,,,,0
Elementary,20,36.11,52.5,7.6,10.2,28.9,5.8,,,,,0
Middle,20,2.54,66.0,9.9,8.0,42.3,5.8,,,,,0
Elementary,20,37.32,75.6,12.3,8.5,46.8,8.0,,,,,0
Elementary,20,33.23,45.9,8.1,10.4,25.1,2.3,,,,,0
K-8,20,26.87,57.8,9.6,10.1,31.6,6.5,,,,,0
Elementary,20,34.11,69.6,11.3,13.9,39.9,4.5,,,,,0
Elementary,20,31.71,53.7,9.6,8.5,34.1,1.5,,,,,0
Elementary,20,35.55,25.8,7.6,5.5,11.9,0.8,,,,,0
Elementary,20,39.57,44.8,9.7,8.1,25.2,1.8,,,,,0
Elementary,20,35.78,65.6,9.5,9.4,44.4,2.3,,,,,0
Elementary,20,55.23,85.9,13.1,13.9,47.4,11.5,,,,,0
Elementary,20,35.87,53.6,8.2,8.9,33.7,2.8,,,,,0
Elementary,20,31.47,63.1,9.5,11.1,39.0,3.5,,,,,0
Elementary,20,44.57,38.8,6.9,3.4,26.2,2.3,,,,,0
K-8,20,30.55,46.1,9.9,5.5,27.4,3.3,,,,,0
Elementary,20,21.11,40.2,8.1,7.1,24.5,0.5,,,,,0
Elementary,20,32.66,54.3,6.6,7.4,35.5,4.8,,,,,0
Middle,20,3.95,84.9,11.8,20.9,52.2,0.0,,,,,0
K-8,20,53.11,74.0,8.3,3.5,52.2,10.0,,,,,0
Elementary,20,29.01,48.3,3.6,6.3,34.4,4.0,,,,,0
Middle,20,3.27,63.7,8.1,11.5,36.1,8.0,,,,,0
Elementary,20,26.4,58.7,11.3,9.2,36.7,1.5,,,,,0
Elementary,20,39.46,57.4,6.2,7.7,34.7,8.8,,,,,0
Middle,20,2.8,50.4,6.8,6.4,37.2,0.0,,,,,0
Middle,20,2.62,60.3,8.3,9.3,38.2,4.5,,,,,0
Middle,20,2.9,54.0,5.0,8.2,35.8,5.0,,,,,0
Elementary,20,20.71,52.7,7.9,11.1,32.7,1.0,,,,,0
Elementary,20,30.07,81.4,8.4,14.5,48.2,10.3,,,,,0
Middle,20,3.12,74.7,11.5,10.7,42.2,10.3,,,,,0
Elementary,20,58.81,45.2,10.4,4.6,29.4,0.8,,,,,0
Elementary,24,15.88,62.0,11.3,12.3,36.6,1.8,,,,,0
Elementary,20,54.32,48.3,10.1,4.7,30.0,3.5,,,,,0
Middle,20,2.92,45.5,6.8,6.5,31.4,0.8,,,,,0
Elementary,21,54.97,49.3,7.9,4.6,34.3,2.5,,,,,0
K-8,21,40.01,35.5,4.1,2.4,26.5,2.5,,,,,0
Middle,21,2.83,46.5,4.7,7.9,31.4,2.5,,,,,0
Elementary,21,29.88,61.8,10.4,7.4,36.7,7.3,,,,,0
Middle,21,3.64,62.8,7.4,14.4,38.0,3.0,,,,,0
K-8,21,40.92,66.9,9.2,9.9,40.0,7.8,,,,,0
Elementary,21,29.67,53.5,8.5,11.7,30.3,3.0,,,,,0
Elementary,21,29.5,57.4,11.3,11.7,32.6,1.8,,,,,0
K-8,21,45.12,59.8,11.7,9.9,31.7,6.5,,,,,0
Elementary,21,35.29,54.7,10.9,0.8,38.5,4.5,,,,,0
Elementary,21,38.36,50.9,6.7,7.7,30.2,6.3,,,,,0
Elementary,21,37.55,62.1,7.8,12.6,37.4,4.3,,,,,0
Elementary,21,54.89,33.3,9.1,3.7,19.5,1.0,,,,,0
Elementary,21,34.33,56.6,7.2,11.1,35.8,2.5,,,,,0
K-8,21,33.97,41.0,6.9,6.1,23.2,4.8,,,,,0
Elementary,21,43.14,57.7,9.8,8.4,34.7,4.8,,,,,0
Elementary,21,29.64,37.9,7.2,7.4,20.8,2.5,,,,,0
Elementary,21,32.81,55.0,8.6,10.4,35.5,0.5,,,,,0
K-8,21,40.3,62.0,8.1,6.6,38.0,9.3,,,,,0
K-8,21,41.22,70.8,9.8,11.3,41.7,8.0,,,,,0
Middle,21,3.06,40.4,4.7,7.9,25.3,2.5,,,,,0
K-8,21,51.64,44.7,10.4,5.8,26.5,2.0,,,,,0
Middle,21,3.82,71.7,10.0,17.5,38.9,5.3,,,,,0
Elementary,21,47.23,60.8,11.2,9.0,32.6,8.0,,,,,0
Middle,21,3.02,54.4,6.8,9.5,31.8,6.3,,,,,0
K-8,21,62.28,57.1,5.0,4.1,40.0,8.0,,,,,0
Middle,21,2.94,55.7,8.6,12.6,28.5,6.0,,,,,0
Elementary,21,60.76,37.5,9.7,6.0,20.0,1.8,,,,,0
Middle,21,2.99,52.7,8.8,9.0,32.4,2.5,,,,,0
Middle,22,2.42,42.0,6.9,6.7,26.1,2.3,,,,,0
Elementary,22,37.3,43.6,7.4,5.1,25.8,5.3,,,,,0
Middle,22,2.84,42.0,6.0,7.5,24.0,4.5,,,,,0
K-8,22,59.99,46.8,6.7,4.6,31.0,4.5,,,,,0
Elementary,22,48.56,52.6,12.7,7.2,31.7,1.0,,,,,0
Elementary,22,52.2,64.8,9.4,17.4,36.0,2.0,,,,,0
Elementary,22,51.56,22.5,6.2,3.7,12.6,0.0,,,,,0
Elementary,22,53.19,35.8,10.6,7.1,16.6,1.5,,,,,0
Elementary,22,44.35,51.8,8.8,12.9,28.6,1.5,,,,,0
Elementary,22,55.35,37.0,8.2,6.4,20.4,2.0,,,,,0
Elementary,22,11.09,67.8,8.6,12.9,44.3,2.0,,,,,0
Elementary,22,41.82,68.6,9.8,6.8,44.2,7.8,,,,,0
Elementary,22,52.47,29.2,5.4,1.9,20.4,1.5,,,,,0
Elementary,22,55.65,35.2,7.3,5.1,21.5,1.3,,,,,0
K-8,22,27.19,66.1,6.1,13.6,39.6,6.8,,,,,0
K-8,22,28.01,40.4,8.7,9.0,19.4,3.3,,,,,0
Elementary,22,41.41,49.5,9.4,8.7,28.6,2.8,,,,,0
Elementary,22,28.68,77.6,10.2,16.7,43.7,7.0,,,,,0
Middle,22,3.49,54.2,8.4,9.8,29.7,6.3,,,,,0
Elementary,22,22.73,44.3,9.6,9.8,20.6,4.3,,,,,0
Middle,22,3.0,43.3,3.9,5.5,27.9,6.0,,,,,0
Elementary,22,58.77,61.3,11.7,8.7,39.4,1.5,,,,,0
Elementary,22,56.06,38.7,5.7,4.7,26.3,2.0,,,,,0
Elementary,22,30.26,59.3,8.7,16.7,33.1,0.8,,,,,0
Elementary,22,33.7,75.8,11.0,13.3,43.0,8.5,,,,,0
Elementary,22,60.09,29.8,9.4,4.3,15.6,0.5,,,,,0
Elementary,22,18.87,58.5,9.6,10.5,34.6,3.8,,,,,0
Middle,22,3.01,24.8,9.5,3.2,11.1,1.0,,,,,0
Elementary,22,29.61,36.1,10.1,11.2,13.0,1.8,,,,,0
Elementary,22,54.18,53.2,9.7,8.5,31.2,3.8,,,,,0
Middle,22,3.07,33.8,6.8,5.2,20.8,1.0,,,,,0
K-8,23,61.7,40.9,2.6,3.2,32.1,3.0,,,,,0
K-8,23,61.77,34.2,6.3,3.5,22.9,1.5,,,,,0
K-8,23,62.63,26.6,3.5,4.5,16.8,1.8,,,,,0
K-8,23,66.85,28.4,3.4,3.0,18.5,3.5,,,,,0
K-8,23,65.59,45.9,8.6,6.9,28.6,1.8,,,,,0
Elementary,23,56.4,25.4,8.0,2.9,14.5,0.0,,,,,0
K-8,23,57.83,37.2,5.6,0.8,29.3,1.5,,,,,0
K-8,23,62.56,46.0,8.3,9.6,23.3,4.8,,,,,0
K-8,23,61.84,35.9,3.6,4.4,26.4,1.5,,,,,0
K-8,23,62.67,38.0,7.8,4.0,23.2,3.0,,,,,0
K-8,23,62.86,21.8,1.4,1.4,18.0,1.0,,,,,0
K-8,23,59.29,46.0,9.9,3.6,29.7,2.8,,,,,0
K-8,23,57.98,27.5,3.2,4.1,17.7,2.5,,,,,0
K-8,23,61.43,11.7,3.0,1.8,6.9,0.0,,,,,0
Middle,23,3.66,50.9,7.7,14.0,29.2,0.0,,,,,0
Middle,23,2.63,36.4,7.3,7.4,19.9,1.8,,,,,0
Middle,23,3.23,11.1,6.2,0.0,4.9,0.0,,,,,0
Elementary,23,61.89,24.5,3.6,2.6,18.3,0.0,,,,,0
Middle,23,2.24,28.3,6.0,2.9,17.1,2.3,,,,,0
Middle,23,2.68,65.9,11.9,7.9,41.1,5.0,,,,,0
Middle,24,2.96,65.4,8.9,11.1,39.1,6.3,,,,,0
Elementary,24,41.84,65.0,11.4,11.8,36.5,5.3,,,,,0
Elementary,24,44.49,48.7,9.2,10.6,28.9,0.0,,,,,0
Elementary,24,56.04,68.8,10.2,9.3,39.5,9.8,,,,,0
Elementary,24,56.98,57.7,12.6,13.3,28.3,3.5,,,,,0
Elementary,24,59.2,54.8,8.6,10.6,33.6,2.0,,,,,0
Elementary,24,22.9,40.2,5.8,8.0,25.1,1.3,,,,,0
Elementary,24,32.68,58.9,6.3,11.7,36.6,4.3,,,,,0
Middle,24,2.8,53.9,7.9,5.8,37.4,2.8,,,,,0
Elementary,24,54.43,55.6,7.6,8.8,32.9,6.3,,,,,0
Elementary,24,37.4,36.0,2.1,2.0,27.4,4.5,,,,,0
Middle,24,2.98,64.5,4.5,12.0,37.5,10.5,,,,,0
Middle,24,2.74,46.9,7.1,9.6,26.2,4.0,,,,,0
Elementary,24,55.46,62.4,10.1,7.9,34.4,10.0,,,,,0
K-8,24,40.04,57.5,11.9,3.7,34.4,7.5,,,,,0
Elementary,24,41.72,35.1,6.9,3.5,23.9,0.8,,,,,0
Elementary,24,57.28,64.8,9.4,11.2,41.9,2.3,,,,,0
Elementary,24,41.4,45.7,5.8,5.3,29.1,5.5,,,,,0
Middle,24,2.83,59.9,5.5,10.8,38.6,5.0,,,,,0
K-8,24,36.06,60.4,11.6,9.8,33.2,5.8,,,,,0
Elementary,24,30.2,61.3,10.5,14.6,33.2,3.0,,,,,0
Middle,24,3.22,26.1,3.3,8.4,12.4,2.0,,,,,0
Middle,24,3.1,55.6,8.6,9.3,32.2,5.5,,,,,0
Elementary,24,61.92,34.6,8.1,11.1,14.9,0.5,,,,,0
Elementary,24,35.75,58.8,7.6,6.5,37.4,7.3,,,,,0
Elementary,24,47.79,52.2,9.1,7.1,33.7,2.3,,,,,0
Elementary,24,34.02,76.8,9.4,10.4,47.5,9.5,,,,,0
Elementary,24,57.61,51.8,10.2,6.3,33.8,1.5,,,,,0
Elementary,24,41.62,78.1,10.3,15.1,45.4,7.3,,,,,0
Elementary,25,39.45,56.6,8.2,10.3,35.6,2.5,,,,,0
Elementary,25,34.76,53.0,8.8,12.8,27.9,3.5,,,,,0
Elementary,25,37.53,61.3,7.8,9.6,36.6,7.3,,,,,0
Elementary,25,33.64,75.7,12.3,12.8,42.3,8.3,,,,,0
Middle,25,3.29,42.6,6.4,10.3,21.9,4.0,,,,,0
Elementary,25,41.7,52.9,6.6,9.5,33.0,3.8,,,,,0
Elementary,25,24.81,69.1,12.4,10.9,36.0,9.8,,,,,0
Elementary,25,20.32,34.5,2.8,3.6,26.8,1.3,,,,,0
Elementary,25,28.99,47.7,11.2,8.7,24.5,3.3,,,,,0
Elementary,25,33.12,61.3,6.1,9.8,38.6,6.8,,,,,0
Elementary,25,37.49,47.0,10.9,11.8,20.0,4.3,,,,,0
Elementary,25,35.84,38.6,6.8,10.2,20.3,1.3,,,,,0
Elementary,25,31.39,44.9,5.2,5.1,30.1,4.5,,,,,0
K-8,25,32.89,71.5,5.2,10.9,44.1,11.3,,,,,0
Elementary,25,36.73,48.3,3.0,10.4,31.9,3.0,,,,,0
Elementary,25,18.4,38.4,10.4,2.5,19.2,6.3,,,,,0
Elementary,25,21.47,58.7,11.1,10.0,34.8,2.8,,,,,0
Middle,25,3.22,62.3,6.0,11.6,36.9,7.8,,,,,0
Middle,25,3.18,46.6,10.2,6.2,28.9,1.3,,,,,0
Elementary,25,16.62,10.9,3.4,1.0,6.5,0.0,,,,,0
Middle,25,3.29,64.1,5.2,13.9,34.5,10.5,,,,,0
K-8,25,41.19,50.3,6.5,6.4,32.4,5.0,,,,,0
Elementary,25,56.38,62.1,6.9,4.6,44.1,6.5,,,,,0
Elementary,25,16.0,70.8,9.4,14.9,45.0,1.5,,,,,0
Elementary,25,37.84,62.1,8.9,10.2,40.0,3.0,,,,,0
K-8,25,46.73,80.9,7.4,12.8,48.7,12.0,,,,,0
Middle,25,3.04,65.1,8.4,10.9,36.0,9.8,,,,,0
Middle,25,3.0,38.2,4.3,5.7,27.2,1.0,,,,,0
Middle,25,3.21,71.2,9.3,12.9,44.2,4.8,,,,,0
Middle,25,3.18,78.9,10.3,14.6,42.5,11.5,,,,,0
K-8,25,29.81,60.5,7.3,12.7,35.0,5.5,,,,,0
Elementary,26,22.1,60.9,11.4,13.6,34.9,1.0,,,,,0
Elementary,26,26.21,64.4,8.3,9.6,38.0,8.5,,,,,0
Elementary,26,27.05,74.7,7.5,14.3,46.1,6.8,,,,,0
Elementary,26,15.01,69.2,12.9,16.6,39.7,0.0,,,,,0
Elementary,26,23.57,83.3,11.6,18.1,43.1,10.5,,,,,0
Middle,26,3.59,50.3,7.4,13.9,25.5,3.5,,,,,0
Middle,26,3.52,71.1,8.3,14.9,38.4,9.5,,,,,0
Elementary,26,14.92,56.1,11.5,13.1,29.5,2.0,,,,,0
Elementary,26,8.1,56.9,8.0,12.6,36.3,0.0,,,,,0
Elementary,26,24.82,50.5,7.9,7.0,33.3,2.3,,,,,0
Elementary,26,27.85,79.1,9.8,16.6,45.7,7.0,,,,,0
Middle,26,3.4,55.3,5.7,13.2,29.6,6.8,,,,,0
Elementary,26,21.45,82.5,10.7,17.8,47.7,6.3,,,,,0
Elementary,26,18.2,56.5,10.0,11.8,32.2,2.5,,,,,0
Middle,26,3.33,55.3,3.6,11.9,31.8,8.0,,,,,0
Elementary,26,19.44,65.7,11.1,16.1,31.5,7.0,,,,,0
K-8,26,18.08,53.5,7.1,9.8,30.3,6.3,,,,,0
Elementary,26,22.65,54.8,11.6,11.4,29.8,2.0,,,,,0
Elementary,26,11.76,73.1,10.8,18.9,43.4,0.0,,,,,0
Elementary,26,18.18,65.2,13.6,15.6,36.0,0.0,,,,,0
Elementary,26,15.45,68.7,9.0,16.8,40.1,2.8,,,,,0
Elementary,26,15.6,80.3,8.8,22.5,49.0,0.0,,,,,0
Elementary,26,21.84,62.6,11.6,13.1,33.9,4.0,,,,,0
Middle,26,3.43,71.5,4.7,13.0,42.5,11.3,,,,,0
Elementary,26,14.8,66.5,12.9,17.4,34.2,2.0,,,,,0
K-8,26,20.08,50.3,7.8,12.9,23.3,6.3,,,,,0
K-8,27,58.71,28.5,5.2,2.0,18.8,2.5,,,,,0
K-8,27,58.98,40.4,6.3,6.0,26.8,1.3,,,,,0
Elementary,27,53.15,52.3,4.3,9.5,37.0,1.5,,,,,0
K-8,27,20.9,73.0,13.1,14.0,44.4,1.5,,,,,0
Middle,27,2.33,39.6,4.0,5.4,25.7,4.5,,,,,0
Elementary,27,36.87,40.8,10.9,11.6,18.3,0.0,,,,,0
Elementary,27,46.97,60.5,6.1,13.7,36.4,4.3,,,,,0
Elementary,27,32.59,35.5,8.4,5.2,21.9,0.0,,,,,0
Elementary,27,42.39,61.7,8.6,11.8,33.8,7.5,,,,,0
Elementary,27,40.04,31.2,10.2,5.8,13.4,1.8,,,,,0
Elementary,27,42.33,38.9,7.1,7.2,23.1,1.5,,,,,0
Elementary,27,54.59,74.3,11.2,17.4,39.2,6.5,,,,,0
Elementary,27,47.29,54.4,7.4,7.7,35.5,3.8,,,,,0
Elementary,27,45.49,54.8,6.4,6.3,40.6,1.5,,,,,0
Elementary,27,53.41,74.3,7.9,13.5,46.1,6.8,,,,,0
Elementary,27,41.88,42.6,4.9,8.9,24.3,4.5,,,,,0
Elementary,27,57.66,39.2,7.5,5.2,25.2,1.3,,,,,0
K-8,27,57.54,12.1,5.3,1.6,4.7,0.5,,,,,0
Elementary,27,58.88,45.8,3.8,9.8,30.2,2.0,,,,,0
Elementary,27,31.13,64.0,8.9,9.6,38.7,6.8,,,,,0
K-8,27,11.12,41.2,6.4,9.8,19.5,5.5,,,,,0
Elementary,27,52.54,40.9,6.4,4.6,27.9,2.0,,,,,0
K-8,27,39.08,39.7,9.8,9.7,18.2,2.0,,,,,0
Middle,27,3.1,47.5,3.6,8.9,31.0,4.0,,,,,0
K-8,27,28.28,42.6,8.4,2.3,26.1,5.8,,,,,0
Elementary,27,49.09,31.0,7.0,5.0,17.5,1.5,,,,,0
K-8,27,59.07,48.1,10.9,6.1,27.6,3.5,,,,,0
Elementary,27,65.72,66.0,5.2,6.0,47.3,7.5,,,,,0
Middle,27,3.07,51.9,6.8,10.0,30.6,4.5,,,,,0
K-8,27,19.26,57.6,7.4,11.1,33.6,5.5,,,,,0
Middle,27,3.05,35.8,2.9,7.8,23.1,2.0,,,,,0
Elementary,27,64.12,27.2,4.9,1.3,18.2,2.8,,,,,0
Elementary,27,52.03,40.8,5.9,6.3,28.6,0.0,,,,,0
Middle,27,2.77,36.3,4.5,6.9,23.4,1.5,,,,,0
K-8,27,30.63,60.2,9.4,11.4,33.6,5.8,,,,,0
Elementary,27,64.09,37.0,8.4,5.3,22.0,1.3,,,,,0
Elementary,27,51.8,89.6,14.1,20.7,51.3,3.5,,,,,0
Middle,27,3.07,27.0,8.6,2.9,15.5,0.0,,,,,0
Middle,27,2.86,18.5,8.9,4.7,4.9,0.0,,,,,0
Middle,27,4.0,77.1,9.0,22.0,46.1,0.0,,,,,0
K-8,27,56.3,39.6,13.6,11.9,14.1,0.0,,,,,0
Middle,28,2.31,35.3,6.2,6.8,21.0,1.3,,,,,0
Elementary,28,53.29,25.0,5.3,0.0,19.7,0.0,,,,,0
Elementary,28,58.43,25.5,4.7,1.6,19.2,0.0,,,,,0
Elementary,28,53.84,22.3,3.7,0.2,18.4,0.0,,,,,0
Elementary,28,54.97,45.1,1.5,9.7,31.9,2.0,,,,,0
Elementary,28,46.28,33.9,7.3,1.9,22.7,2.0,,,,,0
Elementary,28,39.48,34.5,5.2,0.7,26.3,2.3,,,,,0
Middle,28,2.74,42.0,5.2,7.4,27.9,1.5,,,,,0
Elementary,28,56.76,31.0,7.2,4.2,18.8,0.8,,,,,0
Elementary,28,53.27,57.8,9.1,11.0,32.2,5.5,,,,,0
Elementary,28,48.22,41.2,4.4,3.8,33.0,0.0,,,,,0
Elementary,28,38.66,68.8,7.7,11.5,41.6,8.0,,,,,0
Elementary,28,14.66,46.3,6.3,9.1,29.9,1.0,,,,,0
Elementary,28,38.31,44.3,6.3,6.3,27.9,3.8,,,,,0
Elementary,28,40.19,67.4,7.5,11.9,41.7,6.3,,,,,0
Elementary,28,27.27,40.1,6.7,6.8,24.1,2.5,,,,,0
Elementary,28,55.74,36.8,4.6,2.0,28.7,1.5,,,,,0
Elementary,28,19.51,56.0,7.0,6.0,39.0,4.0,,,,,0
Middle,28,2.99,67.7,6.5,12.5,40.4,8.3,,,,,0
Elementary,28,57.13,43.9,4.6,5.0,31.5,2.8,,,,,0
Elementary,28,38.18,71.8,8.9,10.6,40.5,11.8,,,,,0
Elementary,28,23.31,52.4,3.8,3.9,38.2,6.5,,,,,0
Elementary,28,29.73,69.6,7.2,12.7,43.4,6.3,,,,,0
Middle,28,3.18,39.6,3.0,11.2,21.9,3.5,,,,,0
Elementary,28,13.79,80.7,9.8,17.4,52.0,1.5,,,,,0
Elementary,28,43.18,33.7,1.2,4.7,24.8,3.0,,,,,0
Middle,28,2.86,57.8,5.0,9.6,36.2,7.0,,,,,0
Elementary,28,36.37,61.9,6.9,3.2,45.0,6.8,,,,,0
Middle,28,3.29,47.9,10.0,8.9,26.2,2.8,,,,,0
Middle,28,3.0,36.3,4.6,9.6,18.6,3.5,,,,,0
Elementary,29,53.23,31.2,8.1,3.3,17.0,2.8,,,,,0
Elementary,29,36.88,15.0,9.8,4.0,0.2,1.0,,,,,0
Elementary,29,59.68,54.5,9.0,12.7,27.3,5.5,,,,,0
Elementary,29,45.15,12.3,0.0,3.0,9.3,0.0,,,,,0
Elementary,29,52.43,25.4,6.5,1.1,15.0,2.8,,,,,0
Elementary,29,49.84,13.2,4.7,1.1,7.4,0.0,,,,,0
Elementary,29,54.74,52.8,12.2,4.1,34.2,2.3,,,,,0
Elementary,29,55.77,64.4,5.2,7.3,44.1,7.8,,,,,0
Middle,29,2.76,27.6,2.8,6.4,17.9,0.5,,,,,0
Elementary,29,44.57,52.7,4.2,6.6,38.9,3.0,,,,,0
Middle,29,2.93,42.2,4.5,7.1,27.6,3.0,,,,,0
K-8,29,55.23,21.1,5.4,1.8,12.4,1.5,,,,,0
Elementary,29,56.18,5.1,1.6,2.5,0.0,1.0,,,,,0
Elementary,29,36.48,41.9,10.0,10.5,20.1,1.3,,,,,0
Elementary,29,49.25,36.5,7.6,7.5,19.1,2.3,,,,,0
Elementary,29,57.38,57.4,7.6,4.1,41.2,4.5,,,,,0
Elementary,29,44.08,37.1,6.5,5.3,24.5,0.8,,,,,0
Elementary,29,52.88,41.3,5.4,0.6,32.3,3.0,,,,,0
K-8,29,54.01,29.9,1.9,4.1,23.4,0.5,,,,,0
K-8,29,48.63,18.0,5.4,0.0,12.6,0.0,,,,,0
K-8,29,48.35,30.0,3.6,1.9,23.0,1.5,,,,,0
Elementary,29,55.38,36.1,11.3,11.1,13.7,0.0,,,,,0
Elementary,29,53.11,16.6,3.3,0.0,11.0,2.3,,,,,0
Middle,29,2.56,44.5,12.9,5.9,23.7,2.0,,,,,0
Elementary,29,56.72,24.4,9.2,3.5,10.4,1.3,,,,,0
K-8,29,40.43,42.8,9.4,9.4,22.5,1.5,,,,,0
Middle,29,2.55,28.7,8.0,4.9,15.8,0.0,,,,,0
Middle,29,2.92,42.1,7.6,6.2,27.3,1.0,,,,,0
K-8,29,46.09,51.4,7.6,7.9,31.6,4.3,,,,,0
K-8,29,48.66,31.1,9.1,9.1,12.4,0.5,,,,,0
K-8,29,40.79,56.0,8.6,10.6,34.0,2.8,,,,,0
Elementary,30,38.18,58.9,8.3,7.4,37.4,5.8,,,,,0
Middle,30,2.95,59.1,8.1,9.6,34.9,6.5,,,,,0
Elementary,30,39.72,50.4,8.5,9.5,29.1,3.3,,,,,0
Elementary,30,50.33,23.1,6.0,0.7,13.4,3.0,,,,,0
Elementary,30,36.22,63.3,8.6,11.6,38.6,4.5,,,,,0
Elementary,30,38.9,38.9,5.3,7.0,24.1,2.5,,,,,0
Elementary,30,59.68,68.2,5.9,8.3,42.5,11.5,,,,,0
Elementary,30,37.45,42.2,10.3,8.6,22.3,1.0,,,,,0
K-8,30,41.65,38.0,8.3,5.9,21.8,2.0,,,,,0
Elementary,30,38.05,40.2,8.3,6.9,24.2,0.8,,,,,0
Elementary,30,66.53,64.8,12.8,8.0,38.0,6.0,,,,,0
K-8,30,60.14,19.4,7.7,1.7,9.2,0.8,,,,,0
Elementary,30,53.85,44.9,5.3,5.3,30.5,3.8,,,,,0
K-8,30,29.83,80.0,7.4,17.3,51.3,4.0,,,,,0
Middle,30,2.43,41.4,6.4,5.9,27.1,2.0,,,,,0
K-8,30,58.66,46.8,2.9,7.4,31.7,4.8,,,,,0
Middle,30,3.05,77.9,9.5,12.2,43.9,12.3,,,,,0
Middle,30,2.93,51.9,10.1,7.0,31.8,3.0,,,,,0
Elementary,30,54.26,42.2,8.8,6.5,26.1,0.8,,,,,0
Elementary,30,57.58,52.9,10.0,12.5,30.4,0.0,,,,,0
Elementary,30,41.36,42.5,7.2,10.8,23.7,0.8,,,,,0
Elementary,30,52.44,35.3,3.8,2.0,28.7,0.8,,,,,0
Elementary,30,42.76,61.2,7.5,9.0,40.2,4.5,,,,,0
Elementary,30,48.46,51.2,9.3,9.7,30.2,2.0,,,,,0
Elementary,30,53.97,25.4,6.8,3.7,14.9,0.0,,,,,0
Middle,30,2.65,65.2,7.0,9.9,38.5,9.8,,,,,0
Elementary,30,51.86,46.9,10.2,9.7,25.7,1.3,,,,,0
Middle,30,3.22,69.6,8.0,13.2,35.9,12.5,,,,,0
Middle,30,3.01,65.7,7.4,11.0,37.8,9.5,,,,,0
Elementary,30,43.3,67.3,11.0,12.2,36.6,7.5,,,,,0
Middle,30,2.58,74.6,15.0,1.9,54.7,3.0,,,,,0
Middle,30,3.32,66.3,12.9,12.1,39.0,2.3,,,,,0
Elementary,31,16.76,56.0,9.1,8.1,34.3,4.5,,,,,0
Middle,31,2.75,36.2,5.0,9.5,19.7,2.0,,,,,0
Elementary,31,12.69,39.6,5.5,0.0,30.3,3.8,,,,,0
Elementary,31,20.31,23.5,4.5,0.0,16.0,3.0,,,,,0
Elementary,31,9.85,34.6,11.0,8.6,15.0,0.0,,,,,0
Elementary,31,17.3,31.7,8.2,2.6,17.9,3.0,,,,,0
Middle,31,3.22,56.6,6.4,13.9,29.3,7.0,,,,,0
Elementary,31,22.21,77.3,10.6,12.1,46.1,8.5,,,,,0
Elementary,31,41.72,46.3,7.7,0.0,31.8,6.8,,,,,0
Elementary,31,43.71,40.1,7.3,6.1,23.2,3.5,,,,,0
Elementary,31,60.13,17.1,1.9,0.0,13.7,1.5,,,,,0
Elementary,31,60.48,32.8,4.5,0.0,26.0,2.3,,,,,0
Elementary,31,63.37,42.6,6.6,6.0,29.5,0.5,,,,,0
Elementary,31,52.86,50.2,8.6,6.1,32.5,3.0,,,,,0
Elementary,31,63.76,21.3,12.0,4.9,4.4,0.0,,,,,0
Elementary,31,55.61,58.5,10.3,5.6,39.6,3.0,,,,,0
Elementary,31,47.18,48.9,4.5,8.5,34.6,1.3,,,,,0
Elementary,31,17.64,40.9,8.3,8.3,22.0,2.3,,,,,0
Middle,31,3.17,37.6,6.2,11.2,16.7,3.5,,,,,0
Elementary,31,35.42,21.0,3.9,1.8,14.5,0.8,,,,,0
Middle,31,2.75,37.7,6.4,8.8,22.0,0.5,,,,,0
Elementary,31,22.46,35.3,12.2,6.3,15.8,1.0,,,,,0
Elementary,31,21.51,30.0,4.7,4.3,20.2,0.8,,,,,0
Elementary,31,58.05,48.6,7.1,5.1,33.1,3.3,,,,,0
Elementary,31,14.69,48.6,4.9,3.8,33.4,6.5,,,,,0
Middle,31,3.13,62.6,9.4,13.6,31.1,8.5,,,,,0
Elementary,31,24.18,37.8,8.5,5.6,23.7,0.0,,,,,0
Elementary,31,12.59,24.5,4.4,0.0,18.3,1.8,,,,,0
Elementary,31,35.23,49.6,5.9,8.1,31.1,4.5,,,,,0
Elementary,31,29.95,25.6,8.5,5.1,11.2,0.8,,,,,0
Elementary,31,29.98,12.6,4.5,4.2,2.9,1.0,,,,,0
Elementary,31,16.03,30.5,9.8,6.1,11.6,3.0,,,,,0
Elementary,31,61.46,36.2,5.6,0.1,27.5,3.0,,,,,0
Elementary,31,36.76,11.6,3.8,0.9,6.9,0.0,,,,,0
Elementary,31,39.81,21.4,10.3,2.3,5.5,3.3,,,,,0
High School,31,2.91,78.7,10.0,19.5,46.2,3.0,,,,,0
Elementary,31,20.18,49.8,9.0,16.4,22.4,2.0,,,,,0
Middle,31,2.42,44.8,5.6,6.3,29.6,3.3,,,,,0
Elementary,31,16.19,41.6,5.4,3.0,31.9,1.3,,,,,0
Middle,31,2.68,43.9,4.8,7.1,29.0,3.0,,,,,0
Elementary,31,25.56,30.3,1.1,2.9,24.0,2.3,,,,,0
Elementary,31,15.84,48.5,9.5,4.0,29.5,5.5,,,,,0
Elementary,31,27.96,18.0,8.7,7.1,1.2,1.0,,,,,0
Elementary,31,13.15,5.7,3.7,0.0,0.0,2.0,,,,,0
Elementary,31,16.09,20.4,2.0,5.1,10.8,2.5,,,,,0
Elementary,31,61.98,63.1,5.8,3.9,43.4,10.0,,,,,0
Elementary,31,28.92,38.6,8.5,6.8,20.8,2.5,,,,,0
Elementary,31,31.21,39.4,7.6,3.7,26.3,1.8,,,,,0
Middle,31,2.72,31.5,3.9,7.4,19.7,0.5,,,,,0
Middle,31,2.97,61.1,12.4,13.1,29.8,5.8,,,,,0
Elementary,31,23.34,31.0,10.5,0.3,17.4,2.8,,,,,0
Middle,31,2.78,56.8,6.6,11.8,35.6,2.8,,,,,0
Middle,31,3.19,47.1,7.8,10.4,24.4,4.5,,,,,0
Elementary,32,59.75,64.9,8.2,8.5,40.7,7.5,,,,,0
Elementary,32,58.17,33.0,7.4,8.6,14.0,3.0,,,,,0
Elementary,32,64.97,37.5,12.0,8.2,16.8,0.5,,,,,0
Elementary,32,65.03,46.2,6.7,7.6,26.9,5.0,,,,,0
Elementary,32,65.12,64.4,7.3,8.1,43.0,6.0,,,,,0
Elementary,32,64.11,33.1,8.7,8.0,16.4,0.0,,,,,0
Elementary,32,63.73,53.7,7.9,6.5,35.0,4.3,,,,,0
Elementary,32,63.84,34.2,9.3,5.3,19.6,0.0,,,,,0
Middle,32,2.61,37.4,3.7,4.8,27.6,1.3,,,,,0
Elementary,32,63.41,58.6,7.5,6.3,38.5,6.3,,,,,0
Middle,32,2.55,35.2,5.5,3.7,22.7,3.3,,,,,0
Middle,32,2.67,16.2,3.7,1.8,10.7,0.0,,,,,0
Elementary,32,60.0,55.0,4.1,4.9,41.5,4.5,,,,,0
Middle,32,2.62,40.5,6.1,6.8,27.6,0.0,,,,,0
Middle,32,2.64,35.6,7.3,6.0,22.3,0.0,,,,,0
Elementary,32,64.02,48.8,11.2,9.1,25.5,3.0,,,,,0
K-8,32,62.08,41.7,4.7,7.0,29.2,0.8,,,,,0
Middle,32,3.65,30.1,4.2,3.6,20.0,2.3,,,,,0
K-8,32,59.7,62.1,12.2,8.6,36.3,5.0,,,,,0
High School,32,2.12,56.3,13.0,3.6,38.2,1.5,,,,,0
Middle,84,2.96,84.9,14.2,17.8,45.6,7.3,,,,,0
K-8,84,51.13,38.5,10.0,10.3,17.7,0.5,,,,,0
Middle,84,2.84,33.2,9.3,7.8,16.1,0.0,,,,,0
Elementary,84,53.06,34.5,15.0,10.9,8.6,0.0,,,,,0
K-8,84,53.91,13.0,4.5,1.4,3.8,3.3,,,,,0
K-8,84,38.92,23.1,11.8,5.8,5.5,0.0,,,,,0
High School,84,2.61,43.7,9.2,10.9,23.6,0.0,,,,,0
Middle,84,2.88,38.3,7.4,8.2,20.2,2.5,,,,,0
Elementary,84,48.0,44.4,11.9,14.6,17.9,0.0,,,,,0
Elementary,84,28.16,17.6,10.8,2.5,3.5,0.8,,,,,0
K-8,84,50.22,43.8,11.4,9.0,22.6,0.8,,,,,0
Elementary,84,47.15,40.6,11.8,16.6,12.2,0.0,,,,,0
Middle,84,3.08,69.1,13.4,14.6,38.1,3.0,,,,,0
Middle,84,3.02,69.3,15.0,13.0,39.8,1.5,,,,,0
Elementary,84,50.37,24.8,9.1,3.6,12.1,0.0,,,,,0
Elementary,84,50.3,41.4,9.3,10.2,21.9,0.0,,,,,0
K-8,84,50.71,37.3,7.3,5.0,24.5,0.5,,,,,0
K-8,84,50.43,47.9,10.8,9.4,25.9,1.8,,,,,0
K-8,84,57.34,80.2,9.3,16.5,47.4,7.0,,,,,0
Middle,84,1.55,30.9,8.6,1.1,21.2,0.0,,,,,0
K-8,84,54.6,41.2,8.8,8.2,22.2,2.0,,,,,0
Elementary,84,49.52,46.9,9.3,11.3,26.3,0.0,,,,,0
Elementary,84,55.19,19.1,7.2,6.9,5.0,0.0,,,,,0
Elementary,84,40.28,27.3,10.2,10.7,6.4,0.0,,,,,0
Middle,84,3.13,69.2,15.0,13.7,35.7,4.8,,,,,0
Middle,84,2.73,80.4,14.2,17.5,39.9,8.8,,,,,0
Elementary,84,52.81,35.9,10.7,14.6,10.6,0.0,,,,,0
Middle,84,2.71,88.9,14.3,13.5,55.8,5.3,,,,,0
Elementary,84,52.09,68.4,12.3,21.9,34.2,0.0,,,,,0
High School,84,2.53,76.8,12.1,19.3,36.4,9.0,,,,,0
Middle,84,2.8,30.5,9.7,5.0,15.8,0.0,,,,,0
K-8,84,46.27,0.1,0.0,0.0,0.1,0.0,,,,,0
Middle,84,2.55,45.3,8.3,7.5,27.7,1.8,,,,,0
Elementary,84,54.23,11.2,2.7,7.9,0.6,0.0,,,,,0
K-8,84,44.0,34.0,10.1,8.7,13.7,1.5,,,,,0
Elementary,84,53.47,38.8,8.2,10.4,18.7,1.5,,,,,0
High School,84,1.88,70.0,8.7,8.0,50.3,3.0,,,,,0
Elementary,84,55.49,10.2,6.4,0.0,3.8,0.0,,,,,0
Middle,84,3.01,49.2,12.8,9.4,25.2,1.8,,,,,0
Middle,84,2.75,51.3,7.2,12.6,26.0,5.5,,,,,0
K-8,84,50.45,12.3,7.6,4.2,0.0,0.5,,,,,0
Elementary,84,48.79,39.3,8.6,3.7,27.0,0.0,,,,,0
Elementary,84,46.47,13.9,3.8,9.4,0.7,0.0,,,,,0
High School,84,2.87,67.0,11.6,16.1,39.3,0.0,,,,,0
K-8,84,31.82,49.5,9.7,10.0,27.5,2.3,,,,,0
K-8,84,29.65,29.5,10.2,4.9,14.4,0.0,,,,,0
Elementary,84,55.22,44.6,10.1,12.1,22.4,0.0,,,,,0
K-8,84,55.63,49.1,9.7,9.3,27.8,2.3,,,,,0
Elementary,84,46.43,76.3,14.8,17.1,42.9,1.5,,,,,0
Elementary,84,54.36,59.0,9.5,11.6,35.6,2.3,,,,,0
K-8,84,58.84,35.7,12.9,7.0,15.0,0.8,,,,,0
Elementary,84,53.09,23.1,8.3,12.1,2.7,0.0,,,,,0
High School,84,2.67,57.1,10.8,11.3,35.0,0.0,,,,,0
Elementary,84,47.57,29.3,10.9,18.4,0.0,0.0,,,,,0
Elementary,84,57.08,15.3,9.0,5.4,0.9,0.0,,,,,0
High School,84,2.92,55.6,11.6,14.5,26.5,3.0,,,,,0
Middle,84,3.0,34.8,10.4,3.3,20.3,0.8,,,,,0
K-8,84,52.92,71.4,13.2,14.9,39.0,4.3,,,,,0
Elementary,84,59.65,44.5,11.9,9.1,23.5,0.0,,,,,0
K-8,84,46.54,35.1,7.0,2.4,24.9,0.8,,,,,0
K-8,84,52.22,53.5,11.2,16.5,25.8,0.0,,,,,0
Elementary,84,49.34,33.9,9.5,5.7,17.9,0.8,,,,,0
Elementary,84,56.67,43.7,7.3,6.8,26.6,3.0,,,,,0
